speaker,speaker_confidence,text,target,sentiment,category,summary
남희두,0.95,잘지냈어?,None,neutral,greeting,상대방에게 잘 지냈는지 묻는 인사말.
이나연,0.95,ㅎㅎㅎㅎㅎ,,neutral,no_speech,웃음
남희두,0.95,당연히,None,neutral,response,상대방의 말에 동의하는 반응
이나연,0.95,왜 이렇게 살 빠졌어?,None,neutral,question,상대방의 외모 변화에 대한 질문
남희두,0.95,살 많이 빠졌지. 운동 열심히 해서 요즘,None,neutral,appearance,남희두가 자신의 외모 변화에 대해 언급하며 운동을 열심히 하고 있음을 드러냄.
이나연,0.95,되게,,neutral,filler,"문장 중간에 사용된 감탄사로, 특별한 감정이나 의도를 나타내지 않음"
남희두,0.95,응?,,neutral,response,상대방의 발언에 대한 단순 반응
이나연,0.95,멋있어졌다.,None,positive,칭찬,상대방의 외모나 능력에 대해 칭찬하는 발언.
이나연,0.95,왜 이렇게 어색하냐? 오랜만에 봐서 그런가?,None,negative,불만,오랜만에 만난 대상과의 어색함에 대한 불만
남희두,0.95,어색하지 오랜만이니까.,None,neutral,greeting,오랜만에 만난 상황에 대한 어색함을 표현하는 발언
이나연,0.95,딴 사람 같애,None,negative,attention,화자는 누군가가 이전과 달라졌다고 언급하며 부정적인 감정을 드러냄.
이나연,0.95,나도 다른 사람 같아.,None,negative,emotion_polarity,화자가 현재 자신의 상태에 대해 부정적인 감정을 느끼고 있음을 드러냄.
이나연,0.95,나 달라진 거 없어?,None,neutral,attention,자신에게 변화가 있는지 질문하며 상대방의 관심을 유도하는 발언
남희두,0.95,이뻐졌네.,이나연,positive,compliment,외모에 대한 칭찬
남희두,0.95,끝?,None,neutral,question,상대방에게 대화나 상황이 종료되었는지 묻는 질문
남희두,0.95,그럼 뭐 더 있어야 돼?,None,neutral,question,상대방에게 필요한 것이 더 있는지 묻는 질문
이나연,0.95,"아니, 많이 달라졌잖아. 아니, 뭐 머리도 그래.",남희두,negative,appearance,상대방의 외모 변화에 대한 언급과 부정적인 감정 표현
이나연,0.95,그거밖에 없나보네.,None,neutral,none,상황에 대한 체념 또는 단정적인 반응을 보이는 발언
남희두,0.95,"만약, 이게 방송 아니었으면 다 연락했을 것 같아.?",None,neutral,speculation,방송이 아니었다면 출연자들에게 연락했을 것이라는 가정
이나연,0.95,모르겠다.,None,neutral,uncertainty,화자가 현재 상황에 대해 확신이 없거나 판단을 내리기 어려워하는 감정을 표현함.
이나연,0.95,나는 사실 그때는 네가 좀 보고 싶기도 했고,남희두,positive,attention,전 연인에 대한 그리움을 표현하는 발언
남희두,0.95,아 연락하고 싶었어?,이나연,positive,initiative,상대방에게 연락하고 싶었다는 의사를 표현하며 호감을 드러냄.
남희두,0.95,어..,,neutral,response,상대방의 발언에 대한 단순 반응
남희두,0.95,잘 지내는지?,None,neutral,question,상대방의 현재 상태를 묻는 질문
이나연,0.95,"응, 경기 잘했는지?",남희두,neutral,question,남희두의 경기 결과를 묻는 질문
남희두,0.95,"맨 처음 본 거는 수업 듣고 있는데, 강의실 문 열리면서 혼자 마지막으로 들어온 거예요. 회색 카디건에 그 하트 모양 들어간 가디건이 입고, 태블릿 PC랑 이런 거 이렇게 들고 딱 들어오는데, 그 모습이 생생히 기억나요.",이나연,positive,attention,이나연의 첫인상에 대한 긍정적 묘사
남희두,0.95,그게 첫 만남이었어요,None,neutral,memory,첫 만남에 대한 회상
이나연,0.95,희두가 근데 워낙 그 인상이 강하잖아요. 존재감이 강하니까 어딜 가도 좀 눈에 띄었어요.,남희두,positive,attention,남희두의 강한 인상과 존재감에 대해 긍정적으로 언급하며 관심을 표현함.
남희두,0.95,그래서 지나갈 때마다 뭐야 저 키 크고 잘생긴 사람,남희두,positive,attention,자신을 잘생겼다고 칭찬하는 발언
남희두,0.95,동기들 사이에서도 서로 알고 있었어요.,None,neutral,information,남희두는 동기들 사이에서 서로 알고 있었다는 정보를 제공하고 있다.
남희두,0.95,이뻐가지고. 그래서 제거,None,positive,compliment,외모에 대한 칭찬
남희두,0.95,"아, 제가 한 번 말을 걸어야 되는데",None,neutral,initiative,상대방에게 말을 걸어야겠다는 생각을 드러냄.
이나연,0.95,희두한테는 몰랐다고 했는데 이제 알게 되기 완전 전에도 한번 희두랑 지하철을 같이 탄 적이 있거든요.,남희두,neutral,attention,과거 남희두와 지하철을 같이 탔던 경험을 회상하며 언급함.
이나연,0.95,저랑 몇 정거장 안 차이 났거든요. 우리 집 근처 사네 이러면서 계속 구경하면서 봤어요. 본인은 모를 걸요. 생각해보면 운명인가? ㅎㅎㅎ,남희두,positive,attention,"남희두에 대한 호감을 드러내며, 남희두를 몰래 지켜봤던 상황을 회상하며 운명이라고 생각함."
남희두,0.95,2018년도 1월 1일이었는데 원래 SNS로는 친구가 돼 있었어 가지고 보낼까 말까 하다가 그냥 진짜 편하게 '새해 복 많이 받으세요 누나 나연이 누나 맞죠?' 이런 식으로 잘 보냈었죠.,이나연,positive,attention,과거 이나연에게 편하게 새해 인사를 보냈던 경험을 회상하며 호감을 드러냄.
이나연,0.95,어 희두도 새해 복 많이 받아 이렇게 연락을 이어갔어요.,남희두,positive,attention,"남희두에게 새해 인사를 건네며 연락을 이어갔다는 내용으로, 긍정적인 감정이 드러난다."
남희두,0.95,평창 올림픽 직전에 신천에 있었거든요.,,neutral,event,과거 특정 장소에 있었던 경험을 회상하는 발언
남희두,0.95,근데 그때 이제 연락을 주고 받고 있었는데,None,neutral,attention,과거 연락을 주고받았던 상황을 회상하는 발언
이나연,0.95,막 만나지도 못하는 상황인데 계속 연락하고 전화하고 그래서 썸을 조금 길게 탔어요. 한 달 넘게?,None,neutral,reminiscence,만나지 못하는 상황에서 한 달 넘게 연락을 주고받으며 썸을 탔던 과거를 회상하고 있다.
남희두,0.95,저 끝나고 서울 가서 보자 그 약속을 미리 잡고 서울 가서 봤죠.,이나연,neutral,event,과거에 서울에서 이나연과 만나기로 약속하고 실제로 만났던 사실을 언급함.
이나연,0.95,"회색 코트를 입고 들어왔어요. 너무 잘생긴 거예요. 만나자마자 아, 내 남자다.",None,positive,attention,상대방의 외모에 대한 칭찬과 호감을 표현하며 '내 남자다'라고 언급.
이나연,0.95,"어, 멋있네. 그러고 만났죠.",None,positive,칭찬,상대방의 외모에 대한 칭찬
이나연,0.95,처음엔 제가 선배니까 존댓말을 했어요 희두가. 존댓말을 하다가 자기 마음대로 반말을 하다가 자기 마음대로 나연아라고 부르더라고요. 내가 그게 또 싫지 않았어.,남희두,positive,attention,남희두가 이나연에게 반말을 하는 것에 대해 싫지 않았다고 언급하며 호감을 드러냄.
이나연,0.95,그게 또 사람들이 말하는 연하의 매력이 뭔지 좀 느끼게 해주더라고요. 맨날 밥 먹었어 나연아? 이러면 뭐래 왜 나연이래 어린게. 이런 설렘?,남희두,positive,attention,남희두의 행동에 대해 설렘을 느낌
남희두,0.95,제일 기억에 남는 건 일단 을왕리 갔던 그게 제일 기억에 남아요. 그때 좀 진짜 행복했었던 것 같아요.,None,positive,memory,을왕리에서 행복했던 기억을 회상하며 긍정적인 감정을 표현함.
이나연,0.95,짱 좋아! 진짜 너무 좋았어요. 같이 불꽃놀이 하는 걸 찍으면서 담기는 목소리가 너무 행복한 거예요.,,positive,emotion_expression,불꽃놀이를 함께하며 행복함을 느낌
이나연,0.95,"뭐 희두은 다 귀엽더라구요. 뭐 코를 파도 귀엽고, 밥 먹다가 이에 뭐가 껴도 귀엽고, 그래서 아 뭘 해도 좋은 사람이 이거구나 알게 해준 느낌?",남희두,positive,attention,"남희두의 모든 행동이 귀엽게 느껴질 정도로 호감을 표현하며, 좋은 사람이라는 것을 알게 해줬다고 언급함."
남희두,0.95,"제가 기분이 안 좋은 날에도 나연이를 보면 저까지 기분이 좋아지는 워낙 또 사람이 밝고, 그래서 제가 어둡다가도 같이 있으면 밝아지는 느낌?",이나연,positive,attention,이나연을 보면 기분이 좋아지고 밝아지는 느낌이라고 언급하며 호감을 표현함.
남희두,0.95,ㅎㅎㅎ 제가 시합할 때 항상 보러 왔었어요. 나연이 올 땐 거의 이겼던 것 같아. 승리요정,이나연,positive,attention,"과거 이나연이 시합을 보러 왔을 때 승률이 높았다는 언급을 통해 긍정적 감정을 표현하고, 이나연을 '승리요정'이라고 칭찬하며 호감을 드러냄."
이나연,0.95,ㅎㅎㅎㅎ  그때는 그게 전부인 줄 알았어요. 행복했어.,,positive,attention,과거에 대한 회상과 행복했던 감정을 표현함.
이나연,0.95,와 진짜 큰일 났다. 무섭더라고요. 내가 이렇게 좋아해도 되나? 너무 멋있으니까 진짜 무서웠어요. 제마음이.,남희두,positive,emotion_expression,"자신이 느끼는 강한 호감에 대한 감정을 드러내며, 상대를 멋있다고 표현함."
남희두,0.95,"그리고 이 사람이 되게 나한테 힘이 되고 뭔가 기댈 수 있는 사람이구나 라는 걸 느낀 때가 있었는데, 제가 다쳤어가지고 병원을 같이 가게 됐어요. 국제 대회를 큰 대회를 나가는 시기였어서 그런 시기에 다치고 갑자기 수술해야 된다는 말을 들었을 때 너무 좌절감이 큰 거예요. 그래서 저도 모르게 눈물이 좀 많이 났는데, 그냥 말없이 안아주는 거예요. 그때 제가 처음 울었던 것 같아요, 나연이 앞에서.",이나연,positive,attention,"이나연에게 위로를 받은 경험을 이야기하며 고마움을 표현하고, 긍정적인 감정을 드러냄."
이나연,0.95,"뭔가 슬펐어요 애기처럼 우니까 애가 그리고 희두가 슬프면 정말 진심으로 같이 눈물이 막 나고 막 그랬어요, 되게 가족만큼 사랑했던 것 같아요.",남희두,positive,emotion_polarity,"남희두에 대한 깊은 애정과 공감을 표현하며, 가족만큼 사랑했다고 언급함."
남희두,0.95,"전 거의 가족이라고 생각했어요, 가족같이 가까운 사이였고, 가족처럼 믿을 수 있는 사이 그만큼 마음 연거는 처음이자 마지막이죠.",None,negative,attention,가족같이 가까웠던 과거 연인에 대한 그리움과 상실감을 표현하는 발언
이나연,0.95,야 밥 오랜만에 먹는다. 마주보고.아 어색해. 그동안 뭐.. 뭐.. 다른 사람은 안 만났나?,남희두,negative,attention,"남희두와 밥을 먹으며 어색함을 느끼고, 다른 사람을 만났는지 질문하며 관심을 보임"
남희두,0.95,"너? 응, 너랑 헤어졌다고 말했지.",None,negative,attention,전 연인(X)에 대한 언급
남희두,0.95,"자연스럽게 다 알게 됐지, 그래서 소개팅도 들어오고",None,neutral,relationship,소개팅 제안을 받았음을 언급하는 발언
남희두,0.95,했어?,None,None,None,상대방에게 어떤 행동의 완료 여부를 묻는 질문
남희두,0.95,할까 하다가,,neutral,undecided,특정 행동을 할지 말지 고민하는 중
남희두,0.95,안 했어?,None,neutral,question,상대방의 행동 여부를 묻는 질문
남희두,0.95,응.,,neutral,response,상대방의 발화에 대한 단순한 동의 또는 확인 응답.
남희두,0.95,"아, 나는 근데 좀 바빴어. 뭔가 누구를 또 만나고 그럴 여유가 없었어. 바빠서.",None,negative,불안,바쁜 일상으로 인해 다른 사람을 만날 여유가 없었음을 토로하며 심리적 부담감을 드러냄.
이나연,0.95,"진짜 자상한 사람이에요. 그러니까 행동으로 자상한데 만나면? 막 또 저를 혼내요. 그러면 데리러 와가지고 또 싸우고, 왜 이렇게 늦게 와라던지 오늘은 이게 뭐냐 이게 뭐냐 데이트하러 출발하다가 차 안에서 싸워서 그냥 내내 싸우다 집에 간 적도 있고, 제 생일날 애도 싸웠죠.",남희두,negative,갈등,상대방의 자상함에도 불구하고 잦은 다툼과 갈등으로 인해 힘든 감정을 토로함. 데이트 중 싸우거나 생일에 싸우는 등 부정적인 경험을 언급.
남희두,0.95,"배고파서 갔는데요. 아, 맛있겠다 이러고 이따가 시켜서 이런 음식 나오는데 가자, 그냥. 이 기분으로 뭘..  갔죠.",,neutral,일상,배고픔을 느껴 식당에 가서 음식을 시키고 맛있겠다는 생각을 함.
이나연,0.95,그 남양주 쪽 카페에 가서 주문하다가 싸워가지고 개인 플레이 따로 앉아가지고,None,negative,갈등,남양주 카페에서 주문하다 싸우고 각자 앉음
이나연,0.95,"어느 순간 희두를 내가 진짜 사랑했던 건 알겠는데, 내가 좋아했던 사람이었는데 과연 나한테 좋은 영향을 끼치는 사람이었을까? 이런 걸 생각하게 되더라고요.",남희두,negative,attention,"이나연은 남희두를 사랑했지만, 그가 자신에게 긍정적인 영향을 미쳤는지 의문을 제기하며 과거 관계에 대한 회의감을 드러내고 있다."
남희두,0.95,"되게 서로 감정이 너무 상하고, 더 이상 노력하고 싶지 않다는 생각이 들었어요.",None,negative,갈등,서로 감정이 상하고 더 이상 노력하고 싶지 않다는 감정을 표현함.
이나연,0.95,아예 저라는 사람을 좀 안 좋게 보는 느낌이었어요. 너는 나라는 사람을 있는 그대로 좋아해줄 수 없냐?,None,negative,갈등,"자신을 안 좋게 보는 상대방에 대한 서운함과 불만을 표현하며, 있는 그대로의 자신을 좋아해 줄 수 없는지에 대한 질문을 던지고 있다."
남희두,0.95,포기를 해야 되는데 이게 자꾸 신경 쓰이더라고요.,None,negative,attention,포기해야 하지만 계속 신경 쓰인다는 감정을 표현함.
이나연,0.95,"한 번은 비오는 날 우산 쓰고 엄청 싸웠는데 우산은 끝까지 씌워주더라구요, 제 쪽으로 약간 그런 애에요. 엄청 알 수 없지 않아요? 이 게시물이 나쁜 건지 착한 건지 알 수 없는.",남희두,ambivalent,relationship_experience,"과거 연애에서 비오는 날 우산을 씌워주던 행동에 대한 복합적인 감정을 표현하며, 상대방의 행동을 이해하기 어렵다고 말함."
이나연,0.95,약간 비참했어.,None,negative,emotion_polarity,화자는 자신의 감정이 비참했다고 표현하며 부정적인 감정을 드러냄.
남희두,0.95,왜?,None,neutral,question,상대방에게 이유를 묻는 질문
이나연,0.95,네가 날 싫어하는 것 같아서,None,negative,attention,화자는 상대방이 자신을 싫어한다고 느끼고 있다.
남희두,0.95,난 너를 싫어한 게 아니야. 그 상황이 진짜 싫었던 거지.,None,negative,갈등,"상황에 대한 불쾌감을 표현하며, 특정 인물에 대한 직접적인 부정은 부인함."
이나연,0.95,자꾸 너가 그 상황을 계속 만들고 싶어 하는 것 같아서,None,negative,갈등,상대방이 특정 상황을 의도적으로 조성하려 한다고 느껴 불쾌감을 드러냄.
이나연,0.95,마지막 헤어진거는 크리스마스도 앞두고 그래서 그냥 그 기념으로 여행을 가기로 했어요. 차에서 여행지를 막 정하는데,None,neutral,attention,"크리스마스 기념 여행 계획을 세우던 상황을 언급하며, 과거의 경험을 회상하고 있다."
남희두,0.95,내비를 쳤어요. 거의 3시간 넘게 걸리는 거예요.,,중립,상황설명,내비게이션에 3시간 넘게 걸리는 거리를 찍었다는 상황을 설명하는 발언.
남희두,0.95,"근데 거기 멀지 않아? 이래가지고 3시간이 얼마 안 걸린다는 게 아니라 다른 데랑 비슷하다. 다른 데보다 멀지 않다라는 뜻에서 얼마 안 걸리네 했는데, 걔는 이게 얼마 안 걸려? 이러면서",None,negative,불만,상대방의 오해로 인해 발생한 상황에 대한 불만을 토로하고 있다.
남희두,0.95,"그날따라 왜 이랬는지 모르겠는데, 내가 운전하고 그래도 먼 거리인데, 먼거 아니야 그냥 이런식으로 얘기를 하다가, 그게 싸움 시작된 거야. 진짜 아무것도 아닌 일인데",None,negative,갈등,사소한 일로 싸움이 시작된 상황에 대한 언급.
이나연,0.95,"그 막판에는 그냥 온통 희두가 저를 싫어한다는 느낌밖에 못 받았어요. 그냥 계속 마음속에 이렇게 싫어하는데, 날 왜 만나지? 이런 생각뿐이었거든요. 너 내가 생각하고 말하라 했지? 이러는 거예요.",남희두,negative,attention,"남희두가 자신을 싫어한다고 느꼈고, 남희두의 말투에 상처받음."
남희두,0.95,"너 그냥 그런 사람이야. 그냥 우리 안 맞는 거야. 배려심이 없이 있는 친구도 아닌데, 그런 말을 하니까 근데 그게 100% 진심은 아닐 거란 말이야.",None,negative,갈등,"상대방의 배려심 부족에 대한 불만과 관계의 부조화를 언급하며, 진심이 아닐 것이라는 추측을 드러냄."
이나연,0.95,"또 똑같이 반복이 될 거니까, 그러면 다시는 만나고 싶지 않아요.",None,negative,갈등,과거의 부정적인 경험 반복에 대한 거부감을 드러냄.
이나연,0.95,너 지금 난 미워?,None,negative,emotion_polarity,화자는 상대방이 자신을 미워하는지 질문하며 불안감을 드러내고 있다.
남희두,0.95,아니.,None,neutral,response,단순한 부정 응답
이나연,0.95,그러면? 아무 감정 없어?,None,negative,emotion_polarity,"상대방에게 감정이 없는지 되묻는 것으로, 서운함이나 불만을 표현하고 있다."
남희두,0.95,"흐음 미워했었지.  미워했었는데, 약간..",None,negative,emotion_polarity,과거에 느꼈던 미움의 감정을 표현하는 발언
남희두,0.95,남이 되는데? 남이어도 미워하고 싶지 않은 느낌?,None,negative,attention,남이 되었음에도 미워하고 싶지 않은 복잡한 감정을 드러냄.
이나연,0.95,흐음 밉지 않은 남 고맙다. 안 미워해줘서,남희두,positive,gratitude,자신을 미워하지 않는 상대방에 대한 고마움을 표현하는 발언
남희두,0.95,미워하고 싶은 사람은 아니지 솔직히.,None,negative,emotion_polarity,미워하고 싶지 않다는 감정을 표현함
남희두,0.95,나두 그래.,None,positive,sympathy,상대방의 의견에 동의하며 공감하는 발언
이나연,0.95,너가 이제 나 안 미워해서 다행이다.,None,positive,comfort,상대방에 대한 긍정적인 감정을 표현하며 안도감을 드러냄.
이나연,0.95,들어가서 재밌게 상처받지 않고 지냈으면 좋겠다.,None,positive,wish,다른 출연자들이 상처받지 않고 즐겁게 지내기를 바라는 마음을 표현함.
이나연,0.95,울지 않고,None,negative,emotion_polarity,부정적인 감정을 간접적으로 드러냄 (울지 않으려고 노력함)
남희두,0.95,아 솔직히. 너 오늘 보니까 반가워 반가운데 그 반가움에 속지 않을 거야,이나연,mixed,ambivalence,"남희두는 이나연을 다시 만난 것에 대해 반가움을 느끼지만, 감정에 속지 않으려고 경계하는 태도를 보인다."
남희두,0.95,너도 그렇고 나도 그렇고 그럼..,None,neutral,none,"상대방과 자신을 함께 언급하며 동의를 구하거나 상황을 공유하려는 발언으로 보이나, 감정적인 내용은 직접적으로 드러나지 않음."
남희두,0.95,하고 싶은 대로,,neutral,None,특별한 감정이나 의도가 드러나지 않는 평범한 발언
남희두,0.95,존중할게.,None,positive,None,상대방을 존중하겠다는 의사 표현.
이나연,0.95,서로 안 좋은 얘기하고 비난하고 미워하기 바빴는데 나를 좋은 사람으로 기억했구나를 새삼 느꼈어요.,None,negative,emotion_polarity,"과거 관계에서 부정적인 감정을 느꼈으나, 상대방이 자신을 좋게 기억한다는 사실에 새로운 감정을 느낌."
이나연,0.95,한 6번 정도 봤거든요.(편지),None,neutral,attention,편지를 여러 번 읽었다는 언급을 통해 편지에 대한 관심과 집중을 드러냄.
이나연,0.95,계속 볼 때마다 눈물..,None,negative,emotion_polarity,눈물을 흘리는 감정을 표현하며 부정적인 감정을 드러냄.
이나연,0.95,아니 X가 뭘 잘못 먹었는지 저한테 엄청 호의적인 거예요. 기대가 되나? 아무튼 저한테 자기랑 데이트 뭐 하고 싶냐고 하겠다고 한 적도 없는데 그래서 얘가 왜 이러지?,,positive,attention,X에 대한 호감과 궁금증을 드러내고 있다.
이나연,0.95,나는 새로운 사람한테 마음이 간다.,None,negative,attention,새로운 사람에게 마음이 간다고 말하며 감정적인 변화를 언급함.
이나연,0.95,조금 편했어요 저는. 누군가를 알아갈 때 눈치를 안 보고 알아갈 수 있으니까 이제는 좀 더 다정한 사람을 만나고 싶다는 마음이 컸거든요. 정말 부드러운 그런 매력이 있어요. 부드럽게 저를 되게 귀여워해주시고 챙겨주시고 그래서 사랑받는 느낌이 저는 좀 들었어요. 만약에 X가 있었으면 쉽게 다가가지 못했을 것 같아요.,None,positive,attention,"새로운 사람을 알아가는 과정에서 편안함을 느끼고, 다정하고 부드러운 매력을 가진 사람에게 호감을 느낌. X가 있었다면 쉽게 다가가지 못했을 것이라고 언급하며 현재 감정에 집중하는 모습."
이나연,0.95,좀만 더 늦게 와도 괜찮겠다? 데이트 상자 데려왔어요. 제가 지금. 남자가 왔어요?,None,neutral,dating,이나연이 데이트 상자를 언급하며 남자가 왔는지 묻고 있다.
이나연,0.95,남자가 왔다고요? 제가 전 2층에 있었거든요. 새로운 분이 오셨다고 인사를 하래가지고 갑자기 이 시간에?,None,중립,상황설명,새로운 남성 출연자의 등장에 대한 놀라움과 상황에 대한 의아함을 표현.
이나연,0.95,나의 데이트 상대 빨리 반겨줘야겠다 하고 내려갔죠?,None,positive,initiative,"데이트 상대를 반겨줘야겠다는 긍정적 감정을 표현하며, 관계 형성에 대한 적극성을 드러냄."
이나연,0.95,둘이 왜 같이 오지?,None,궁금,attention,다른 출연자들의 관계에 대한 궁금증을 드러냄.
이나연,0.95,뭐지?,,neutral,none,화자가 상황에 대해 의문을 표현하는 발언
이나연,0.95,저 쳐다도 안 보더라고요.,None,negative,attention,상대방이 자신을 쳐다보지 않는 것에 대한 부정적인 감정을 드러냄.
이나연,0.95,아 이런 거였구나. 그동안 다들 이랬는데 나만 즐거웠구나.,None,negative,emotion_polarity,자신만 즐거웠다는 사실에 대한 충격을 드러냄.
남희두,0.95,왜냐면 오자마자 감정이 안 좋더라고 모르는 사람은 어떻게 느낄지 모르는데 아무튼 저는 알잖아요.,이나연,negative,attention,"남희두는 이나연의 감정 상태가 좋지 않음을 감지하고, 그 이유에 대해 궁금해하며 걱정하고 있다."
남희두,0.95,처음 들어서 그냥 깜짝 놀라는 것 같은데 이렇게 하면 안 좋아하는 거 같이 보였어요.,None,negative,attention,상대방의 행동에 대한 부정적 감정 표현
남희두,0.95,"아, 옷 갈아입고 있는데 뭐 왜?",None,짜증,반문,옷 갈아입는 중인데 왜 그러냐며 짜증을 냄.
이나연,0.95,저를 너무 홀대하시더라고요 저를,None,negative,불만,자신이 홀대받는다고 불만을 표현함.
이나연,0.95,너무해요. 어떻게 저를 그렇게 나 걱정해가지고 나간건데,None,negative,갈등,상대방의 행동에 대한 서운함과 원망을 표현하는 발언.
남희두,0.95,아무도 없었으니까 그렇게 좀 편하게 들어오지 않았을까요? 이거 누가 보면 어떡하자는 생각에 그랬던 것 같아요. --------------------------------------------- 씬 3 나연 해은 대화,이나연,negative,불안,남희두는 다른 사람들이 볼까 봐 이나연이 편하게 들어오지 못했다고 생각하며 불안감을 드러낸다.
이나연,0.95,그럼,None,neutral,none,대화 시작을 위한 발화
이나연,0.95,오늘 스케이트 어땠어?,None,neutral,question,상대방의 스케이트 경험에 대한 질문
이나연,0.95,언니는?,,neutral,None,언니에 대한 질문
이나연,0.95,둘이 같이 잘 탔네? 손 잡고 탄 거 아니야?,None,neutral,speculation,다른 커플이 손을 잡고 탔는지에 대한 추측성 발언
이나연,0.95,손을 잡고 탔다고?,None,neutral,attention,상대방의 행동에 대한 의문이나 확인을 나타내는 발언
이나연,0.95,엄청난 데이트를 하셨더라고요 롯데월드 전체 대관을 해서 나도 롯데월드 가고 싶다고 했는데 저는 X랑 4년 가까이를 만나면서 스케이트장을 딱 한 번밖에 안 가봤어요.,None,negative,attention,자신은 X와 4년 가까이 만나면서 스케이트장을 한 번밖에 안 가본 것에 대한 서운함을 드러내고 있다.
이나연,0.95,자기는 일할 때도 맨날 스케이트를 신기 때문에 저랑 놀 때도 스케이트를 신고 싶지 않다라고 말했거든요. 이렇게 서운해해서 싸우기도 했었는데 근데 그거 듣고 저 진짜 눈물이 막 하 또 눈물나 질투 났어요. 나랑은 절대 안 가더니 너무 질투나고 너무 서운하고 사실 저는 데이트를 즐겁게 하고 왔잖아요 이런 감정이 드는 게 맞나 싶더라고요.,남희두,negative,attention,과거 스케이트 데이트에 대한 서운함과 질투심을 표현하며 눈물을 보임. 즐거운 데이트 후에도 질투심을 느끼는 자신에 대한 혼란스러움을 드러냄.
이나연,0.95,오늘 근데 데이트 진짜 부럽다,None,positive,attention,다른 사람의 데이트에 대한 부러움을 표현함.
이나연,0.95,좋았지?,,positive,emotion_polarity,과거의 긍정적인 감정을 표현하는 발화
이나연,0.95,어 나 완전 좋았어.,None,positive,emotion_polarity,자신이 완전 좋았다고 말함.
이나연,0.95,우리가 한 아홉시? 근데 나 오늘 완전 취해가지고,None,None,None,취한 상태를 언급하는 발언
이나연,0.95,술 마셨거든?,None,neutral,neutral,술을 마신 사실을 언급함
이나연,0.95,나 술 완전 잘해.,None,neutral,self_introduction,자신이 술을 잘한다는 것을 어필하는 발언.
이나연,0.95,우리가 4병 마셨어. 소주도 4병.,None,neutral,fact,술의 양에 대한 정보를 전달함
이나연,0.95,응 근데 진짜 재밌었고 좋았어. 마음 어때? 호감이요? 문자 오늘 보냈어 언니?,None,positive,attention,재밌고 좋았다는 긍정적 감정 표현과 호감에 대한 질문이 나타남. 상대방의 문자를 확인하는 내용 포함.
이나연,0.95,근데 있을 때 보내라고 오지 않았어? 같이 있을때?,None,neutral,attention,상대방에게 과거에 특정 메시지를 받지 않았는지 확인하는 발언
이나연,0.95,나도 그랬어. 서로 보냈어.,None,neutral,agreement,"상대방의 의견에 동의하며, 같은 경험을 했음을 나타내는 발언."
이나연,0.95,좋았겠는데,None,None,None,상대방의 상황에 대한 피드백
이나연,0.95,저한테 자랑하시더라고요. 해은님이 그리고 서로를 마주 보면 그걸 확인했다고 새로운 사람을 만나서 설레고 서로에게 호감도 분명 있었을 텐데 그 상황에서 서로를 마주 보며 속마음 문자를 보내고 속마음을 확인한다? 가까워지기에는 너무나 좋은 환경이죠. 실제로도 많이 가까워진 것 같더라고요.,None,negative,attention,"해은과 새로운 사람 간의 관계에 대한 질투와 불쾌감을 드러내며, 그들이 가까워진 상황에 대한 부정적인 감정을 표현함."
이나연,0.95,"아. 근데 참.. 그 장면이 상상이 가는 거예요. 그런데 저는 (희두랑 스케이트장) 한 번 갔다 했잖아요. 그때가 정말 좋은 기억이었어요. 거의 저를 운전했거든요. 뒤에서 막 이렇게 태워주고 끌어주고 근데 들어보니까 그걸 그대로 해드린 것 같더라고요. 아. 근데 참.. 그 장면이 상상이 가는 거예요. 그런데 저는 한 번 갔다 했잖아요. 그때가 정말 좋은 기억이었어요. 거의 저를 운전했거든요. 뒤에서 막 이렇게 태워주고 끌어주고 근데 들어보니까 그걸 그대로 해드린 것 같더라고요. 뭐 우리 밖에 없고 뭐 즐겁고 스케이트 하애가지고 로맨틱하고 재밌고 룸메이트니까 더 전 솔직히 질투를 느꼈거든요, 해은 언니한테? 그거 자체도 감정이 조금 힘들었고. 계속 봐야 되니까.",남희두,복합적,과거 회상 및 질투,"과거 남희두와 스케이트장에서 좋았던 기억을 떠올리며, 현재 다른 사람에게 똑같이 해주는 모습에 질투를 느낌."
이나연,0.95,근데 데이트가 너무 설렜다.,None,positive,emotion_polarity,데이트에 대한 설렘을 표현함.
이나연,0.95,롯데월드 그러면은..다 불 꺼져 있었어?,,neutral,question,롯데월드에 불이 꺼져 있었는지 묻는 질문
이나연,0.95,놀이기구 탔어?,,neutral,question,놀이기구 탑승 여부를 묻는 질문
이나연,0.95,"되게 내 로망이다, 그 야간 느낌.",,positive,없음,야간 느낌에 대한 긍정적 감정 표현
이나연,0.95,좋았겠다. --------------------------------------------------- 씬4 희두 인터뷰,남희두,None,None,남희두의 인터뷰에 대한 이나연의 반응
남희두,0.95,해은님과 마음 놓고 같이 재밌는 시간 보내고 하긴 했는데 나연이랑 했던 것들이니까 좀 저도 모르게 나연이가 생각나던데요 나연이는 거의 제가 들고 탔었어요 공중에 띄워서 거의 놀이기구 타듯이. 엄청 재밌어했었어요 솔직히 계속 나긴 했어요 스케이트 탔던 기억 어쩔 수 없는 것 같아요. 이거. 그냥 여자랑 같이 스케이트 단둘이서 탄게 나연이가 처음이에요. 숨어서 울고 있는 이나연 ------------------ 씬5 그룹대화,이나연,negative,attention,"남희두는 이나연과 스케이트를 탔던 기억을 떠올리며, 다른 여자와 함께 있어도 이나연 생각에 괴로워함. 과거 이나연과 즐거웠던 추억을 회상하며 힘들어함."
남희두,0.95,아직 적응을 해야 될 것 같아요 사람들 다 있었어가지고 거기서 또 제가 반기면 바로 걸리지 않을까요?,None,neutral,observation,"새로운 환경에 적응해야 하며, 다른 사람들 앞에서 특정 행동을 할 경우 발생할 수 있는 결과에 대한 우려를 표현함."
남희두,0.95,아 먼저 드세요. 먼저 드세요,None,neutral,instruction,상대방에게 먼저 식사할 것을 권유하는 발언.
남희두,0.95,"태이님이 잘 챙겨주시던데, 기다리시던데요?",None,neutral,attention,다른 출연자(태이)에 대한 언급이 나타남.
남희두,0.95,어느 정도는 있는 것 같아요.,None,neutral,ambiguous,"상대방의 감정에 대한 동의 또는 긍정의 표현으로 보이나, 구체적인 대상이나 내용이 없어 감정의 방향성을 특정하기 어렵습니다."
이나연,0.95,근데 왜 스시 갑자기?,,neutral,general,스시에 대한 이유를 묻는 질문
남희두,0.95,짠 할까요,None,neutral,social_interaction,술자리에서 함께 술잔을 부딪히며 친목을 다지자는 제안
남희두,0.95,"저 잔 없는데? 잠깐만 아, 내가 갖고 올게.",None,neutral,statement,자신의 잔이 없음을 인지하고 가져오겠다고 말함.
이나연,0.95,아 한 병 더?,None,neutral,social,술을 더 마실지 묻는 발언.
이나연,0.95,내가 나 번호 완전 잘 기억한단 말이야.,None,neutral,attention,자신의 기억력을 어필하는 발언
이나연,0.95,뭐하고 있었어?,None,neutral,question,상대방의 행동에 대해 묻는 질문
이나연,0.95,뭐하고 있었어 거기서?,None,neutral,question,상대방의 행동에 대해 질문하는 발언
이나연,0.95,잔 있어요? 갔다줄까,None,neutral,offer,상대방에게 잔을 가져다 주겠다는 제안을 하고 있다.
남희두,0.95,짠짠 ~,,neutral,social,술자리에서 건배를 제안하는 발언.
이나연,0.95,그니까. 오빠가 가면 되잖아. ㅋㅋㅋㅋㅋㅋㅋㅋㅋㅋ,남희두,neutral,statement,남희두에게 가면 된다고 말하며 웃음
이나연,0.95,어 나 취한 것 같아.,None,neutral,self_state,취한 상태를 언급함
이나연,0.95,젤리가 근데 왜 차에 있지?,,neutral,question,젤리가 차에 있는 이유에 대한 의문
이나연,0.95,비밀로 하기로 했잖아,None,negative,갈등,비밀을 지키지 않은 것에 대한 불만
이나연,0.95,야 누구지? 원빈인가?,,neutral,question,누군가를 보고 누구인지 묻는 질문
이나연,0.95,전혀 상상도 못했어요. 그 해은님이랑 엄청 친해 보였거든요. 근데 문자가 와서 그 문자를 받는 순간 감정이 너무 요동쳤어요 ---------------------------------------------------------------- 씬6 1:1 대화,None,negative,attention,해은과의 친분에 대한 예상 밖의 문자를 받고 감정이 요동침.
남희두,0.95,아 깜짝이야..,,neutral,reaction,놀람을 표현하는 발언
이나연,0.95,내가 문자 안보내서 서운해?,None,negative,attention,상대방에게 서운함을 느끼고 있는지 직접적으로 질문하는 발화
남희두,0.95,어?,,neutral,reaction,상대방의 말에 대한 단순 반응
이나연,0.95,내가 문자 안보내서 서운했어?,남희두,negative,서운함,상대방에게 문자를 보내지 않아 서운했는지 물어보는 발언
남희두,0.95,아니,,neutral,response,단순한 부정 응답
이나연,0.95,왜 보냈어?,None,negative,attention,상대방에게 메시지를 보낸 이유에 대한 불만을 드러냄.
남희두,0.95,오해하지마. 없음 있었으면 없음 보내려고 했어,None,neutral,statement,오해를 풀려는 발언
이나연,0.95,그래? 삐졌지? 나도 너 생각 많이 하고 너무한테 보낼까 하고 있을 정도로 나도 니가 신경이 안 쓰이진 않아,남희두,negative,attention,상대방의 감정을 확인하며 자신도 상대방을 신경 쓰고 있음을 어필하고 있다.
이나연,0.95,나는 네가 나한테 보낼지 몰랐어.,None,neutral,attention,상대방이 자신에게 메시지를 보낼 것이라고 예상하지 못했음을 나타내는 발언.
남희두,0.95,그거 나 안보냈어,None,neutral,statement,상대방에게 특정 내용을 보내지 않았음을 진술함.
이나연,0.95,그거 와 ㅋㅋㅋㅋㅋ 그거 온다고,,neutral,no_context,상황에 대한 언급
남희두,0.95,내가 말했잖아 없음. 어쩔 수 없이 너한테 보낸거야,None,negative,갈등,상대방에게 어쩔 수 없이 메시지를 보냈음을 언급하며 불만을 표현함.
이나연,0.95,내가 지금 너가 신경 안 쓰이는게 아니야 너 생각 많이 해,None,mixed,관계,"화자는 상대방을 신경 쓰고 있으며, 생각을 많이 하고 있다고 표현하며 복합적인 감정을 드러내고 있다."
남희두,0.95,"너 바로 나가, 오늘?",None,neutral,question,남희두가 상대방에게 오늘 바로 나가는지 묻는 질문
이나연,0.95,아니 나 오늘 뭐 있어,None,neutral,statement,이나연이 오늘 일정이 있음을 언급함
남희두,0.95,뭐? 왜그래? 왜 웃어 근데? 어떻게 하는거야? 발라줘봐,None,neutral,question,상대방의 행동에 대한 질문과 요청이 섞인 발언
이나연,0.95,이렇게 해서 이렇게 바르면 모공이 가려져,,neutral,cosmetics,화장품 사용법에 대한 설명
남희두,0.95,"그럼 위에, 이마에도 바를까?",None,neutral,cosmetics,화자가 상대방에게 화장품을 이마에도 바를지 묻는 질문
이나연,0.95,해야지해야지 머리 잡아줘?,남희두,positive,initiative,머리를 잡아주겠다는 제안을 통해 호감을 표현하고 관계 형성을 시도하는 발언
남희두,0.95,아니,None,neutral,response,부정적인 의사 표현
이나연,0.95,오늘 뭐해? 미팅?,,neutral,initiative,상대방에게 스케줄을 묻는 질문
남희두,0.95,"나도 데이트 있어 [패널] ㅎㅎㅎ아 귀여워. 귀엽다니까 저 센 척, 허세 아니 둘이 성격이 극과 극이다 진짜",None,positive,admiration,귀엽다고 칭찬하며 호감을 표현함.
남희두,0.95,데이트 뭐하는데?,None,neutral,일상,상대방의 데이트 계획에 대한 질문
이나연,0.95,카페 가,,neutral,suggestion,카페에 가자는 제안을 하고 있다.
남희두,0.95,자연스럽게 나 데이트 가 이러면 되지 왜 이렇게 눈치 보면서 그래? 내 눈치 보지마 왜봐 눈치를?,None,negative,불만,"상대방이 눈치를 보는 행동에 대한 불만을 표현하며, 데이트에 대한 솔직한 태도를 요구하고 있다."
이나연,0.95,"눈치 안봐. 너도 보지마, 너도 내 눈치 보지마",None,negative,갈등,"상대방에게 눈치를 보지 말라고 강하게 말하는 것으로 보아, 상대방과의 관계에서 불편함이나 갈등을 느끼고 있음을 드러낸다."
남희두,0.95,진짜 안 봐도 돼?,None,neutral,question,상대방에게 무언가를 보지 않아도 되는지 확인하는 질문
이나연,0.95,"보,본거야?",None,neutral,question,상대방에게 무엇을 보았는지 묻는 질문
남희두,0.95,응,,neutral,response,상대방의 말에 동의하거나 긍정하는 짧은 대답.
이나연,0.95,이게?,,neutral,none,지시 대명사 '이게'에 대한 직접적인 감정이나 의도 파악이 어려움
남희두,0.95,응,,neutral,response,상대방의 말에 동의하거나 긍정하는 짧은 대답.
이나연,0.95,"내 눈치 왜 봐, 보지 말아야지",None,negative,attention,상대방에게 자신을 의식하지 말라고 직접적으로 표현하며 불편한 감정을 드러냄.
남희두,0.95,오늘 스케줄을 알어 너가? 뭐할지?,None,neutral,information_seeking,상대방의 스케줄을 묻는 질문
이나연,0.95,아니 몰라,None,negative,불만,대화 상대방에 대한 불만을 표현함.
남희두,0.95,늦게 올 수도 있는거야?,None,neutral,question,상대방의 도착 시간에 대한 질문
이나연,0.95,아니 카페 가자고 해가지고 카페만 갔다 오지 않을까?,남희두,neutral,prediction,남희두와 카페에 가는 상황에 대한 예측
남희두,0.95,누구랑?,None,neutral,question,상대방에게 누구와 있는지 묻는 질문
이나연,0.95,말해도 돼?,None,neutral,initiative,상대방에게 질문할 의향을 묻는 발화
남희두,0.95,말하면 안 되는 거야?,None,neutral,question,상대방에게 말을 해도 되는지 묻는 질문
이나연,0.95,태이,,neutral,attention,화자는 '태이'라는 다른 출연자의 이름을 언급함.
남희두,0.95,아아 왜웃어?,None,neutral,question,상대방의 웃는 이유를 묻는 질문
이나연,0.95,너가 웃어서. 왜웃어? 마음에 안드나봐?,None,negative,불쾌,"상대방의 웃음에 대한 불쾌감을 드러내며 이유를 묻고, 마음에 들지 않는지 추궁하는 발언."
남희두,0.95,"너가, 너가 웃어서",이나연,positive,attention,상대방의 웃는 모습에 대한 긍정적 반응을 보임.
남희두,0.95,아무튼 근데 나 겁나는 거 사람들 있을 때 너한테 대하는 게 잘해줄 수도 없고 뭐,이나연,negative,불안,남희두가 사람들이 있을 때 이나연에게 잘해주지 못할까 봐 걱정하는 발언
남희두,0.95,잘해줘 그냥,None,neutral,instruction,상대방에게 잘해달라고 요청하는 발언
남희두,0.95,잘해주면 더 이상하지,None,negative,불안,상대방이 잘해주는 것에 대해 오히려 불안감을 느끼는 발언
남희두,0.95,"안 이상해, 사람들 다 잘해주는데 너만 안 잘해줘 그게 더 이상해",이나연,negative,불만,사람들은 다 잘해주는데 이나연만 잘해주지 않는 것에 대한 불만을 표현함.
남희두,0.95,아 적응 못해서 그래 사실 맨 처음부터 그렇게 갑자기,None,negative,불안,새로운 환경에 적응하지 못하는 것에 대한 불안감을 표현함.
남희두,0.95,"알려주고 가, 어떻게 하는 거야 어떻게 하는거야",None,negative,불안,상대방에게 방법을 알려달라고 재촉하며 불안감을 드러냄.
남희두,0.95,왜 숨어 숨는게 더 이상해,None,neutral,question,숨는 행동에 대한 의문
남희두,0.95,"내가 먼저 나갈까, 그냥?",None,neutral,question,남희두가 먼저 나갈지 여부를 묻는 질문
이나연,0.95,"어, 먼저 나가봐 -------------------------------------------------------- 씬7 그룹대화",,neutral,instruction,먼저 나가보라고 지시함
이나연,0.95,왜 그랬는지 모르겠는데 희두 눈치가 엄청 보였어요. 희두 표정이 안 좋더라고요,남희두,negative,attention,남희두의 표정을 살피며 눈치를 보는 감정을 드러냄.
남희두,0.95,"드세요, 빨리... 음식 식어요.",None,neutral,instruction,음식을 빨리 먹으라고 권유하는 발언
이나연,0.95,저 배불러가지고..,,neutral,statement,배부르다는 상태를 표현함.
남희두,0.95,그럼 우리 먹을까?,None,neutral,relationship,식사를 제안하는 발언
이나연,0.95,네 드세요 드세요,None,neutral,unclassified,음식을 권유하는 발언
이나연,0.95,오늘 뭐 했어요?,None,neutral,question,상대방의 하루 일과를 묻는 질문
남희두,0.95,그쵸 먹고 있었죠,None,neutral,response,상대방의 말에 동의하며 대화에 응하는 발언
이나연,0.95,짠 할까요? 다른 남자와 함께 있는 이나연을 보면서 심기 불편한 희두.,이나연,negative,attention,다른 남자와 함께 있는 이나연을 보면서 심기 불편함을 드러냄.
남희두,0.95,강아지 보고싶다,None,neutral,desire,강아지에 대한 그리움을 표현
남희두,0.95,강아지? 키워요?,None,neutral,question,상대방에게 강아지 키우는지 묻는 질문
남희두,0.95,아 예,,neutral,response,상대방의 말에 대한 단순한 대답.
이나연,0.95,"아, 비숑.",,neutral,animal,강아지 종류인 비숑을 언급함
남희두,0.95,누구 닮아요?,None,neutral,appearance,외모에 대한 질문
이나연,0.95,제 강아지는 진짜 귀여운데. 너무 귀엽지 않아? 왜인지 모르겠는데 이렇게 돼서 너무 귀여워. 귀엽죠?,,positive,애정표현,강아지에 대한 애정을 표현하며 귀여움을 강조하는 발언
남희두,0.95,못생겼는데요,None,negative,appearance_criticism,외모에 대한 부정적인 평가를 표현함.
이나연,0.95,못생겼대,None,negative,appearance,외모에 대한 부정적인 평가를 전달함
이나연,0.95,진짜 기절 초풍이다. ---------------------------------------------------------------- 씬8 1:1 대화,None,negative,emotion_polarity,기절 초풍이라는 표현에서 부정적인 감정이 드러남.
남희두,0.95,뭐해? (음료 주며) 뜨거워,None,neutral,question,상대방에게 무엇을 하고 있는지 묻고 음료가 뜨겁다는 정보를 전달함.
이나연,0.95,너 표정 너무 안좋잖아,None,negative,attention,상대방의 표정이 좋지 않음을 언급하며 걱정하는 발언
남희두,0.95,네가 나라고 생각해봐 내가 딱 와서 어땠을것 같아,이나연,positive,attention,"상대방에 대한 호감과 궁금증을 표현하며, 긍정적인 반응을 기대하는 발언"
남희두,0.95,"아니, 아무리 헤어졌어도 사람이 서로 예의는 있어야 하는 거 아니야? 너 생각만 하는 것 같아",이나연,negative,불만,"헤어진 후 예의를 지키지 않는 상대방에 대한 불만을 표현하며, 상대방이 자기 생각만 한다고 비판함."
남희두,0.95,머리에서 네 뒷모습이 떠나가질 않아,이나연,positive,attention,"남희두가 이나연에 대한 그리움을 표현하며, 뒷모습이 계속 떠오른다고 말함."
남희두,0.95,"사람들 다 앞에 차 타고 옆에 형 차 타고 , 나 혼자 타고 나 기분 나쁜 거 다 티 나고",None,negative,불만,혼자 차를 타게 되어 기분이 나쁘다는 감정을 드러냄.
남희두,0.95,지금 어쨋든 X인 걸 서로 들키면 안 되는 상황이잖아,,neutral,attention,현재 상황에 대한 언급: X인 것을 들키면 안 되는 상황임을 강조.
남희두,0.95,적어도... 옆에 내가 있었는데 왜 일부러 난 더 약 올리는 줄 알았어 너가 나.,이나연,negative,불만,"상대방의 행동에 대한 불만을 표현하며, 일부러 약 올리는 것처럼 느껴졌다고 말함."
이나연,0.95,솔직히 너도.. 잘 지내는 줄 알았어 해은 언니랑,,neutral,attention,해은에 대한 언급을 통해 해은에게 관심을 표현함.
남희두,0.95,너는? 너는 여기서 지내면서 재밌게 논 적 없어? 그러고 나서 내 신경 하나도 안썻다는 거야,이나연,negative,불만,상대방이 자신을 신경 쓰지 않았다는 것에 대한 불만을 표현하고 있다.
남희두,0.95,네 신경 엄청 쓰였다고,이나연,negative,attention,상대방에 대한 걱정과 부정적인 감정이 드러나는 발언
이나연,0.95,말만 그렇게 하면 사람 몰라요,None,negative,갈등,"상대방의 말과 행동 불일치에 대한 불만족을 표현하며, 상대방에 대한 불신을 드러냄."
이나연,0.95,난 네가 내 마음 알 줄 알았어,None,negative,attention,상대방에 대한 서운함과 실망감을 드러냄.
남희두,0.95,아니? 내가 어떻게 알아 네 마음을? 이미 헤어진 상태인데,None,negative,갈등,"상대방의 마음을 알 수 없다는 답답함을 표현하며, 이미 헤어진 상태임을 언급."
이나연,0.95,알 줄 알았다고 그냥,None,neutral,none,상대방의 행동에 대한 체념 또는 예상
남희두,0.95,"그러니까 넌 너 혼자 깨달은 게 아니고, 내가 이렇게 얘기를 하니까 알게된 거야",None,neutral,clarification,상대방의 깨달음이 혼자만의 것이 아니라 자신의 설명으로 인한 것임을 확인하는 발언.
이나연,0.95,시기의 차이인 거지,None,neutral,observation,상황에 대한 일반적인 언급
남희두,0.95,뭐가 시기의 차이야? 중요한거야,None,neutral,clarification,상대방에게 '시기'의 차이가 무엇인지 질문하며 중요성을 묻는 발언
이나연,0.95,이제 너 존중할게 네 생각할게,None,positive,initiative,화자가 상대방을 존중하고 생각하겠다는 적극적인 의사 표현을 드러냄.
남희두,0.95,"아냐, 아냐 안 해도 돼.",None,neutral,response,상대방의 행동에 대한 거절 의사를 표현함.
남희두,0.95,나는 내 신경만 쓸 테니까 앞으로 (사전 만남때) 거기서 오랜만에 봐서 보고 싶었다며 적어도 그런거는,이나연,negative,attention,사전 만남에서 오랜만에 봐서 보고 싶었다는 말에 대한 불쾌감
남희두,0.95,나 혼자만 그렇게 생했다는 거에 대해서 더 너무 ..,None,negative,emotion_polarity,혼자만 그렇게 생각했다는 것에 대한 부정적 감정
이나연,0.95,아니라고,None,negative,emotion_polarity,부정적인 감정을 표현함.
남희두,0.95,얼른 들어가,None,neutral,directive,상대방에게 어떤 행동을 지시하는 발언
남희두,0.95,저는 그냥 있는 제 마음을 얘기했어요. 근데 솔직히 X 채팅했던 거와 너무 달랐다. 내가 생각하기엔,,negative,attention,전 연인과의 채팅과 현재 상황이 다르다고 언급하며 불만을 표현함.
이나연,0.95,채팅할 때 보고 싶다고 말해놓고 너무... 자기를 신경 안 쓰고 아무렇지 않게 다른 남자랑 어떻게 그럴 수 있냐. 진짜 적어도 신경을 써줘야 하는 거 아니야. 제가 막 말도 안 하니까 그게 서운했나 봐요. 여기서 제일 가깝고 믿을 게 너밖에 없는데 너는 왜 나를 존중하지 않냐.,남희두,negative,갈등,"채팅에서 보고 싶다고 말했는데, 상대방이 다른 남자와 아무렇지 않게 지내는 모습에 서운함을 느끼며, 자신을 존중하지 않는다고 생각함."
이나연,0.95,"솔직히 제가 잘못한 건 없어요. 다 알고 나온 거고 그러기로 하고 나온 거고. 새로운 사람 만나겠다고 나온 건데, 마음은 그게 안 되니까 또 그 마음이 느껴지니까 아프게 한 게 너무 미안하더라고요. ---------------------------------------------------------------- 씬9 오해풀기 대화",None,negative,attention,"새로운 사람을 만나려고 나왔지만, 마음대로 되지 않아 상대를 아프게 한 것에 대한 미안함을 표현하고 있다."
남희두,0.95,뜨거워 아무도 모르는데 나도 모르게 의지하게 되고 너무.. 괜찮을 줄 알았고 좀... 아무렇지 않을 줄 알았는데,None,negative,불안,전 연인과의 관계에 대한 불안함과 의존적인 감정을 표현하고 있다.
이나연,0.95,무슨 얘기하는 거야?,,neutral,question,대화 내용에 대한 질문
남희두,0.95,너를 다시 만나야겠다 보고 싶다 라고 해서 오는 것 보다는 당연히 보기 싫은 건 아니지 너가 갑자기 이렇게 울고 있으면 내가 미안하잖아 너는 아예 그냥 다른 사람이랑 만나려고 나온 거야?,이나연,negative,갈등,남희두가 이나연에게 미안함과 함께 다른 사람을 만나려고 나온 것인지 질문하며 불안감을 드러냄.
이나연,0.95,새로운 사람을 만나겠다는 마음으로 여기 나온 건 맞아. 근데 나의 오로지 관심사는 새로운 사람 알아가는 거였잖아. 너 보기 전까지,남희두,positive,attention,새로운 사람을 만나기 위해 나왔지만 남희두를 보기 전까지는 새로운 사람에게만 관심이 있었다고 말하며 호감을 표현함.
남희두,0.95,너의 마음을 알려고 해도 난.... 여기서 대화도 안 해봤지. 오자마자 사람들 눈치 보느라. 그러니까 너는 아무튼 내가 보고싶어서 나온건 아니라는 거네 결국에는,이나연,negative,불안,상대방이 자신을 보고 싶어서 나온 것이 아니라는 사실에 대한 불안감을 드러냄.
이나연,0.95,그랬지. 우리가 안 만난 시간이 길었잖아. 그 사이에 또 새로운 사람 만나고자 하는 마음도 생기긴 했지. 미안해 그리고..(울고 있음),남희두,negative,attention,이나연은 남희두에게 미안함을 느끼며 눈물을 보임. 만나지 못한 시간 동안 새로운 사람을 만나고 싶었던 마음에 대한 언급이 있음.
남희두,0.95,미안할 건 아니지,None,neutral,comfort,상대방을 안심시키려는 발언
이나연,0.95,아니 여기서 제일 힘이 들 수도 있는 사람인데 내가 널 무시했던 것 같아,남희두,negative,갈등,상대방을 무시했던 것에 대한 자책과 미안함을 표현하는 발언
남희두,0.95,"빨리 가서 자. 휴지 다 묻었다 아니, 왜왜왜왜 왜 계속 우는거야",None,negative,sympathy,"상대방의 울음에 대한 안타까움과 걱정을 표현하며, 휴지를 언급하는 것으로 보아 눈물을 닦아주려는 행동을 보임."
이나연,0.95,잘자,None,neutral,farewell,상대방에게 잠자리에 들기 전 인사.
남희두,0.95,응 잘자,None,neutral,farewell,상대방에게 잠자리에 들기 전 인사말을 건네는 발언
남희두,0.95,"마음이 이제 되게 정리가 잘 돼서, 제가 오해했던 것들은 풀리기도 했고, 저도 신경 안 쓰면서 마음 가는 대로 하려고요.",None,positive,self_reflection,오해가 풀리고 마음이 정리되어 앞으로는 신경 쓰지 않고 마음 가는 대로 하겠다는 발언.
남희두,0.95,그 얘기 하면서 울더라고요 또 나연이가 우는게 또 마음 안 좋잖아.,이나연,negative,attention,이나연이 우는 모습에 마음이 안 좋다는 발언
남희두,0.95,"괜히 미안했죠, 어느.. 누가.. 아무리 헤어졌어도 우는 모습을 보는 걸 좋아하는 사람 있을까요?",None,negative,sympathy,헤어진 사람의 눈물에 대한 안타까움을 표현하며 미안함을 느낌.
남희두,0.95,"들어가자마자 전 정말 숨이 턱 막혔어요, 나연이와의 기억들로 가득 차있더라고요 그 방이.",이나연,negative,attention,남희두는 이나연과의 과거 기억이 떠올라 힘들어하고 있다.
남희두,0.95,"나연이가 그런 것들을 많이 저장해놨더라고요. (희두가 나연에게 보낸, 나 너 좋아하는 거 넘어선 듯 메시지를 보며) 근데 진짜 그건 아무 생각 없이 사랑하니까 할 수 있었던 말 아닐까요?",이나연,positive,attention,남희두는 이나연과의 과거 메시지를 회상하며 순수한 사랑을 표현했던 자신의 모습에 대해 이야기하고 있다.
남희두,0.95,"정말 처음으로 제일 많이 좋아했던 사람이고, 그 좋아하는 마음을 아마 나연이 때문에 처음 깨달은 날이 아니었을까요? 그래서 저도 모르게, 좋아하는 걸 넘어서서 사랑한다고 말하고 싶었던 거 아닐까요?",이나연,positive,attention,"남희두는 이나연에 대한 자신의 감정이 사랑으로 발전했음을 언급하며, 이나연이 자신에게 가장 처음으로 크게 좋아했던 사람임을 밝히고 있다."
남희두,0.95,발렌타인데이 때 제가 선물로 받았던 거 같에요.,None,neutral,memory,발렌타인데이 선물에 대한 기억을 회상하는 발언
이나연,0.95,거의 이제 교환 가기 며칠 전에 헤어진 거죠. 거기 교환학생 가기 일주일 전이어서 친구들과 친천에서 술을 먹었죠. 이따가 취해가지고 희두도 신촌이고 하니까 보고 싶어서 막 불렀어요.,남희두,negative,attention,"남희두와 헤어진 후 교환학생 가기 전, 술에 취해 남희두를 보고 싶어 불렀다는 발언에서, 부정적인 감정과 남희두에 대한 관심이 드러남."
남희두,0.95,"이제 운동이 끝나고 숙소로 가고 이제 빨리 씻고 자야 되는 상황인데, 나연이는 취해서 그걸 뭐라고? 근데 맨정신에는 안그럴텐데, 술 취해가지고 왜 안 오냐. 근데 그런 모습이 얘가 너무 생각이 짧다는 생각이 들고, 나를 배려하지 않는다는 생각이 들고, 근데 어찌 됐든 가긴 갔어요. 나연이는 서운한 게 있으면 저한테 얘기하고, 차라리 저한테 욕하고 그랬으면 좋겠는데, 친구들한테 제 욕을 또 쭉 술김에 했던 거잖아.",이나연,negative,불만,"술 취한 이나연의 행동에 대한 불만과 서운함을 표현하며, 특히 친구들에게 자신의 험담을 한 것에 대해 불쾌감을 드러냄."
남희두,0.95,"가자마자 그 친구가 하는 말, '네가 좀 잘해야지' 뭐 이런 식으로, 아무튼 걱정이 되니까, 저는 피곤해도 왔는데, 그러고 있으니까 그 얘기를 또 그 친구한테 들어보니까, 기분이 되게 나쁘더라고 그런 모습들이 좀... 아니다 싶었어요. 대답을 해야 되지 않겠어요. 왜냐면 그때도 어차피 교환도 당장 다음 주면 가는 거고, 지금 마음은 이렇고, 이런 마음은 풀 시간도 없고, 너무 많이 실망을 해서 네.",None,negative,불만,"상대방의 행동에 대한 실망감과 불쾌감을 표현하며, 관계에 대한 부정적인 감정을 드러냄."
이나연,0.95,희두가 헤어지자 하더라고요.,남희두,negative,attention,"남희두가 헤어지자고 말한 것에 대한 언급으로, 부정적인 감정이 드러남."
이나연,0.95,"근데 그때는 제가 희두를 너무 좋아해서 엄청 매달렸어요, 제가. 그때 연대 북문에서 희두 기숙사 앞에서 헤어지자고 했는데, 제가 뭐.. 못 헤어지겠다고 막 울고 쫒아가서 껴안고 그땐 그랬죠. 그때는 진짜 힘들었어요. 뭔가 내가 좋아하는 사람을 못 보게 되는 게 처음이었고, 모든 교환 학생의 계획이 휴두에 맞춰져 있었어요.",남희두,negative,attention,"과거 남희두를 좋아해서 매달렸던 경험과 이별을 힘들어했던 감정을 토로하며, 교환 학생 계획이 남희두에게 맞춰져 있었음을 언급함."
이나연,0.95,"1월쯤에 한국에 다시 잠깐 왔었거든요. 오기 직전에 희두가 갑자기 연락이 왔어요. 그냥 뜬금없이 나연아 이렇게만 와가지고, 그 말 한마디에 완전 흔들리는 거예요. 연락받고 싶고 전화하고 싶고.",남희두,positive,attention,"남희두의 연락에 흔들리는 감정을 드러내며, 연락을 받고 싶어하는 마음을 표현함."
남희두,0.95,"그냥 진짜 생각이 갑자기 나서, 그냥 진짜 뜬금없이 제가 연락을 했어요.",None,neutral,recollection,과거에 갑작스럽게 연락했던 경험을 회상하며 이야기하고 있다.
이나연,0.95,"답장하고 전화하면서 나 곧 한국가니까 보자, 그냥 또 그때 자연스럽게 다시 만나게 된 것 같아요.",None,neutral,attention,한국에 돌아간 후 자연스럽게 다시 만났다는 언급을 통해 과거 연애 맥락을 간접적으로 드러냄.
남희두,0.95,"오랜만에 보니까 더 좋더라구요. 난 자연스럽게 연락하다가, 다시 만나자 나연이랑 뭔가 있는 것처럼, 그냥 계속 다시 만났어요.",이나연,positive,attention,"오랜만에 다시 만난 이나연에 대한 호감을 표현하며, 자연스럽게 재회하게 된 과정을 설명함."
이나연,0.95,저는 근데 그땐 더 좋았어요.,,negative,attention,"과거에 대한 미련을 드러내는 발언으로, '그때'라는 표현을 통해 전 연인(X)에 대한 언급을 간접적으로 내포하고 있다."
남희두,0.95,문제점을 알아서 그 문제점 없으면 다시 잘해볼 수 있을 거라는 생각이 들고요.,None,neutral,None,문제점을 파악하면 다시 잘 해볼 수 있다는 생각.
이나연,0.95,"커플링을 거의 이제 3년 차에 했어요. 희두가 작년 화이트데이 때 백화점에 가쟤요, 까르띠에를 데려가더라고요.",남희두,positive,attention,"남희두와 3년째 연애 중이며, 남희두가 화이트데이에 까르띠에에 데려간 것에 대한 언급을 통해 긍정적인 감정을 드러냄."
남희두,0.95,커플링을 나연이가 하고 싶어 했어요. 근데 저는 바로는 안했죠. 왜냐면 커플링 하면 뭔가 좀 딥한... 신중한 편이어서 제가. 그랬다가 마음먹고 해줬죠.,이나연,중립,상황 설명,"과거 커플링을 하게 된 계기를 설명하며, 신중한 성격 때문에 바로 하지는 않았지만 마음 먹고 해줬다고 이야기함."
이나연,0.95,앞으로 우리 오래 낄 건데 좋은 거 끼워주고 싶었다고 하더라고. 제 거에는 다이어도 하나 박혀있어요. 희두가 제 거에만 박아줬어요. 비싸니까.,남희두,positive,attention,남희두가 자신에게만 다이아를 박아줬다는 사실을 언급하며 호감을 드러냄.
남희두,0.95,(나연과의 추억에 X룸에서 오열하는 희두) 정말 이별이란게 참 누구한테나 쉽지 않은 거구나 이별을 완벽히 했던 게 아니었구나를 느꼈어요. ------------------------------------------------------ 씬11 X 영상,None,negative,attention,남희두는 이별 후 X룸에서 오열하며 이별이 쉽지 않음을 느낌.
이나연,0.95,근데 그게 저는 희두가 안 할 줄 알았어요. 이미 저랑 끝났다고 생각을 하면 안 할 줄 알았거든요. 걔 성격상? 근데 한다고 해서 되게 놀랬고 그래서 조금 좋았어요. 아직 나를 100% 잊은 건 아닌가?,남희두,positive,attention,"남희두가 보인 행동에 놀라움과 함께 호감을 표현하며, 아직 자신을 잊지 않았을 가능성에 대해 생각하고 있다."
이나연,0.95,처음 만난 남자는 아닌데 첫사랑은 맞는 것 같아요 가족만큼 사랑했던 것 같아요,None,positive,attention,"첫사랑에 대한 긍정적 감정을 표현하며, 가족만큼 사랑했다고 언급함."
남희두,0.95,나연이 만큼 마음이 가는 사람은 없었어요. 그만큼 마음을 연 거는 처음이에요.,이나연,positive,attention,"이나연에 대한 강한 호감과 애정을 표현하며, 그에게 마음을 열었음을 강조함."
이나연,0.95,어느 순간 그런 생각이 들었어요 그냥 나라는 사람이 싫은가? 나를 귀여워해주는 사람이 얘 말고 세상의 천지인데 왜 내가 사랑하는 너는 날 이렇게 싫어해? 나도 사랑받고 살아야지. 이런 오기도 생겼던 것 같아요 헤어질 때는. 속상하고 화도 나더라고요. 그냥 희두의 툭툭 던지는 마음에 제가 자꾸 발작하니까 그러니까 자존감도 좀 낮아지더라고요 왜냐면 안 되는 걸 자꾸 하려고 하니까 아예 저라는 사람을 안 좋게 보는 느낌이었어요.,남희두,negative,self-esteem,자신을 싫어하는 것 같은 남희두의 태도에 자존감이 낮아지고 속상함과 분노를 느낌.
남희두,0.95,"나연이는 나연이대로 되게 저한테 서운했던 것들이 많았구나. 근데 뭐 다들 각자의 입장 차이가 있는 거니까, 물론 좋은 점이 더 많을 거예요 나연이. 진짜 괜찮은 사람이고, 정말 응원하는 사람이고, 잘 됐으면 좋겠는 사람이고, 솔직히 저도 편해요. 그냥 신경 끄고. 그게 진짜 그 관심 갖고, 진심으로 얘기하고, 하 그런걸 좀 막 못 알아주고. 그냥 그런 것들이 저 같은 경우는, 나연이가 되게 제 진심을 몰라주는 느낌도 받고 아..",이나연,positive,attention,"이나연에 대한 서운함과 긍정적인 감정을 동시에 드러내며, 편안함과 응원의 마음을 표현함. 과거 진심을 몰라줬다는 아쉬움을 언급."
이나연,0.95,"지금은 근데 희두 많이 잊었어요. 처음(2022년 2월) 여기 왔을 때는, 좀 저를 자책할 때였던 것 같아요. 제 탓을 많이 했을 때였는데, 그 이후로 갑자기 내가 잘못했나? 하면서 희두가 좀 갑자기 미워질 때도 있었고, 어느 순간 희두를 내가 진짜 사랑했던 건 알겠는데, 내가 좋아했던 사람이었는데, 과연 희두는 나한테 좋은 영향을 끼치는 사람이었을까? 이런 걸 생각하게 되더라고요. 만약에 이대로 결혼을 못 할 것 같으면, 빨리 다른 사람을 만나야 되지 않나? 사실 뭐 저도, 재회를 위해서 나온 건 아니니까 저는 오히려 지금 새로운 분 만나고 싶어요. 행복하게, 이제 행복한 연애를 하고 싶어요.",남희두,복합적,회상 및 관계 재정립,"과거 희두와의 관계를 회상하며 자책, 미움, 사랑 등 복합적인 감정을 느꼈음을 드러내고, 현재는 새로운 사람을 만나 행복한 연애를 하고 싶다는 솔직한 심정을 표현함."
남희두,0.95,"마음이 그렇게 좋지만은 못했어요. 영상 보는 내내 나연이가 거기서 다른 사람 만나보고 싶다고 하더라고요. 충분히 이해했어요. 그럴 수 있겠구나. 만날 거라고 얘기를 할 줄 몰랐는데, 근데 뭐 괜찮아요. 괜찮습니다. 그게 맞는거다라고 생각하려 했어요.",이나연,negative,갈등,"남희두는 이나연이 다른 사람을 만나는 것에 대해 이해하면서도, 예상치 못한 상황에 마음이 편치 않음을 표현하고, 괜찮다고 스스로 다독이려 한다."
이나연,0.95,"조금 미성숙했을 때 했던 말들, 너는 원래 그런 사람이야. 너가 이래서 안 돼 그런 말들도, 제가 미성숙했을 때 희두한테 했던 말들이거든요. 그 말이 거기 있었다는 거는 희두가 이 말들에 상처 받았기 때문에 이야기한 거잖아요. 제가 상처 줬던 말들이 조금 아팠고, 제가 희두한테 사랑을 표현했었던 거 그걸 보면서, 그 당시에 제 감정이 또 생각났어요. 희두는 저한테 누나라고 절대 안 하거든요? 그런데 그 '사랑해 누나!'가 제가 받은 카톡인데, 희두가 태어나서 처음으로 이제 저에게 마지막으로 한 말이었어요. 애교 부리면서 '사랑해 누나!' 했는데, 제가 누나? 바로 캡쳐!",남희두,negative,attention,"과거 미성숙했던 시절 남희두에게 상처를 줬던 말들에 대한 후회와, 남희두가 자신에게 마지막으로 했던 '사랑해 누나'라는 말에 대한 감정을 드러냄."
이나연,0.95,"그건 제 추억의 물건이거든요. 희두랑 처음 헤어졌을 때, 그 유니폼을 껴안고 엄청 울었어요.거기 희두 냄새가 배어있어서 아직도 있더라고요.",남희두,negative,attention,남희두와 처음 헤어졌을 때 유니폼을 껴안고 울었던 과거 회상. 유니폼에 남은 남희두의 냄새를 언급하며 미련을 드러냄.
남희두,0.95,"제가 아카라카라고 저희 학교 축제가 있는데, 저희 학교 팀 유니폼이 되게 귀했어요. 다들 갖고 싶어 해서 그거를 제가 나연이에게 선물로 줬었죠.",이나연,positive,attention,과거에 이나연에게 학교 축제 굿즈인 유니폼을 선물로 줬던 에피소드를 회상하며 언급.
이나연,0.95,"제 키링, 지금 쓰고 있는 키링, 제가 차를 재작년에 한번 바꿨는데, 그때 맞춰서 크리스마스 선물로 받은 거란 말이에요. 근데 마침 제 차 케이스가 그냥 핑크색이었는데, 걔도 아무 생각 없이 샀는데 저한테 선물로 핑크색 키링을 갖고 왔어요 너무 마음에 들어요 아직도. 그래서 희두가 준 것 중에 가장 만족하는 선물이에요. 그리고 센스 있었어요. 딱 제 차 바꾼 날 준거니까요.",남희두,positive,attention,"남희두가 차를 바꾼 시기에 맞춰 선물한 핑크색 키링에 대한 만족감을 표현하며, 남희두의 센스에 대해 칭찬하고 있다."
이나연,0.95,"커플링이 이렇게 두 개가 모여있는데, 그게 좀 슬픈 거예요. 기분이 이상했어요. 저한테 커플링이 좀 의미가 남달라서, 저희는 사실 그거를 결혼 반지라고 생각했어요. 그냥 결혼할 줄 알았고, 또 워낙 오랜 기간 만나다가 맞춘 거기 때문에, 앞으로 그냥 이 반지로 평생 끼자.",None,negative,attention,"커플링에 대한 의미를 부여하며 슬픔과 이상한 감정을 느낌. 결혼 반지로 생각할 정도로 의미가 남달랐다고 언급하며, 오랜 기간 만남을 회상함."
이나연,0.95,"처음 헤어지고는 사실 끼고 다녔어요. 그냥 너무 어색하기도 하고, 한 달은 끼고 다녔던 것 같아요. 근데 어느 순간 그걸 끼고 있는 제 자신이 웃기더라고요.",None,negative,attention,"헤어진 후 반지를 한 달 동안 끼고 다녔지만, 어느 순간 자신의 모습이 웃기다고 생각함."
이나연,0.95,"작년 발렌타인 때, 제가 희두한테 처음으로 초콜릿과 쿠키를 만들어줬어요. 태어나서 그냥 그런 걸 전 처음 만들어 봤거든요. 하나도 안 먹었더라고요. 그래서 보면서 뭐야, 이거 왜 하나도 안 먹고 아껴놨어?",남희두,negative,attention,이나연은 남희두가 발렌타인데이에 자신이 준 초콜릿과 쿠키를 먹지 않은 것에 대해 서운함을 느꼈다.
남희두,0.95,"먹기 좀 아까워가지고, 먹는 것보다는 받는 데 의미를 뒀기 때문에 소장하고 있습니다.",None,neutral,opinion,선물받은 것에 대한 소중함을 표현하며 소장하고 있다는 발언.
이나연,0.95,한 번도 안 먹었냐? (희두에게 준 향수를 보며) 이거 진짜 오래됐는데. 다 썼어. 왜 안 버렸지?,남희두,negative,attention,남희두에게 준 향수를 언급하며 오래된 것에 대한 의아함과 불쾌감을 드러냄.
이나연,0.95,그리고 향수! 향수는 또 야무지게 썼더라고요. 한 방울도 안 남긴 거 보고 되게 뿌듯했어요. 근데 그걸 왜 안 버렸을까요? 그것도 생각하게 되더라구요.,남희두,positive,attention,"남희두가 과거에 선물한 향수를 이나연이 다 쓴 것에 대해 뿌듯함을 느끼면서도, 버리지 않은 이유에 대해 궁금해하고 있다."
이나연,0.95,고마워 잘 지내가 그렇게 슬프죠.,None,negative,emotion_polarity,고맙지만 슬픔을 느끼고 있음
이나연,0.95,"희두와의 추억을 다 돌아보고 '고마워 잘 지내' 문구를 보는데 끝난 느낌이었어요. 아, 이 추억이 끝이구나, 그런 느낌.",남희두,negative,attention,남희두와의 추억을 회상하며 이별을 실감하고 슬픔을 느낌.
이나연,0.95,"근데 그게 저는 희두가 안 할 줄 알았어요. 이미 저랑 끝났다고 생각을 하면 안 할 줄 알았거든요? 개 성격상? 근데 한다고 해서 되게 놀랬고, 그래서 조금 좋았어요. 아직 나를 100% 잊은 건 아닌가?",남희두,positive,attention,남희두가 예상 외의 행동을 한 것에 놀라움과 함께 긍정적인 감정을 느낌. 아직 자신을 잊지 않았을지도 모른다는 생각에 약간의 기대를 표현.
남희두,0.95,전 처음에 연락와서. 왜 연락이 왔지?,None,neutral,궁금함,상대방이 자신에게 연락한 이유에 대한 궁금증을 표현함.
남희두,0.95,뭐지? 싶었죠. 황당? 그때는 별로 그렇게 감정이 좋지 않아서. 나연이만큼 마음이 가는 사람이 없었어요. 그만큼 마음을 연거는 처음이에요.,이나연,positive,attention,"남희두는 이나연에게 마음을 열었고, 이나연만큼 마음이 가는 사람이 없다고 말하며 호감을 표현함."
이나연,0.95,어느 순간 그런 생각이 들었어요. 그냥 나라는 사람이 싫은가?,None,negative,self_esteem,자신에 대한 부정적인 감정을 드러내며 자존감이 낮아진 상태를 표현하고 있다.
남희두,0.95,"제가 잔소리 좀 많이 하는 편이에요. 근데 저는 그게 도움이 되라고 저는 위한다고 생각하고 얘기하는 건데. 나연에게 가장 상처받았던 말은, 너는 그냥 그런 사람이야 이런거? 그런 말들? 저랑 나연이가 성향이 비슷했으면 진짜, 싸울 일이 없지 않았을까?",이나연,negative,상처,과거 연인에게 들었던 상처 주는 말에 대한 회상 및 성향 차이에 대한 아쉬움.
이나연,0.95,아예 저라는 사람을 좀 안 좋게 보는 느낌이었어요. 너는 나라는 사람을 있는 그대로 좋아해 줄 수 없냐?,None,negative,불만,상대방이 자신을 있는 그대로 좋아해주지 않는다는 느낌에 대한 불만
남희두,0.95,"되게 서로 감정이 너무 상하고, 더 이상 난 노력하고 싶지 않다는 걸 들었어요. 근데 이건 확실했어요. 더 이상 반복하고 싶지는 않다.",None,negative,갈등,상대방과의 감정 소모에 지쳐 더 이상 노력을 반복하고 싶지 않다는 감정을 드러냄.
남희두,0.95,"완전 100% 정리가 안 됐다고 생각하니까 헤어지는 게 되면 깔끔하게 헤어지고, 뭐 이런 기회가 왔으니까 다른 사람도 만나보고, 저는 충분히 마음의 문을 열고 싶어요.",,neutral,relationship,"남희두는 완전히 정리되지 않은 상태에서 헤어지는 것을 원치 않으며, 새로운 기회를 통해 다른 사람을 만나보고 마음의 문을 열고 싶어한다."
남희두,0.95,(나연의 다음 연인에게 조언을 한다면?) 조언 하고 싶지 않은데? 그 사람도 겪어보면서 알아봐야죠. 니가 알아봐라!,이나연,negative,갈등,전 연인(이나연)의 다음 연애에 대해 부정적인 감정을 드러내며 직접 경험해 보라고 말함.
이나연,0.95,ㅎㅎㅎㅎㅎ 빵터졌어요. 너무 희두답다.,남희두,positive,attention,남희두의 행동에 대해 긍정적인 반응을 보이며 '희두답다'고 언급함.
이나연,0.95,싫은데? 네가 겪어봐라! 되게 귀여웠어요 희두답고.,남희두,positive,attention,남희두에 대해 귀엽다는 감정을 표현하며 긍정적인 감정을 드러냄.
이나연,0.95,(희두를 만나러 지금 가라는 미션을 받고 ) 이러고 희두를 만난다고?,남희두,negative,불만,미션 수행에 대한 불만을 드러냄.
이나연,0.95,"진짜 무서웠어요. 엄청 울까봐 제가. 무서웠지만, 기대돼서 빨리 가고 싶었어요. ------------------------------------------------ 씬12 희두나연 대화",None,복합적,감정 표현,과거의 두려움과 현재의 기대감을 동시에 드러냄.
이나연,0.95,영상 보고 어땠어?,None,neutral,question,상대방에게 영상 시청 후의 감상에 대해 질문하는 발화
남희두,0.95,영상 보고?,None,neutral,question,상대방에게 영상 시청 여부를 묻는 질문
이나연,0.95,응.,None,neutral,response,상대방의 말에 동의하거나 긍정하는 짧은 대답.
남희두,0.95,빨리 다른 사람 만나고 싶다는데?,None,negative,attention,상대방이 다른 사람을 만나고 싶어한다는 말에 대한 언급
이나연,0.95,너가 얘기할 줄 알았어. 나도 내가 그 얘기 했는지 몰랐어.,None,neutral,self_reflection,"자신이 과거에 했던 말에 대해 놀라워하며, 기억하지 못했음을 표현."
남희두,0.95,너의 속마음이 나온 거지.,None,neutral,observation,상대방의 감정을 추측하는 발언
이나연,0.95,근데 그런 마음으로 나온 건 맞아,None,neutral,question,상대방의 의도를 확인하는 질문
남희두,0.95,응. 알어.,None,neutral,acknowledgment,상대방의 말을 이해했다는 의미를 전달함.
남희두,0.95,뭐라 하는 건 아니야.,None,neutral,statement,상대방의 말을 부정적으로 받아들이지 않겠다는 의사 표현.
이나연,0.95,넌 웃겼어.,None,positive,compliment,상대방이 웃겼다는 칭찬.
이나연,0.95,해주기 싫은데? 만나면서 깨달아라.,None,negative,갈등,"상대방에게 직접적으로 알려주기 싫고, 관계를 통해 스스로 깨닫기를 바라는 감정을 표현함."
남희두,0.95,네가 알아라?,None,neutral,question,상대방의 인지 여부를 묻는 질문
이나연,0.95,"응, 너무 웃겼어.",,positive,emotion_polarity,웃겼다는 긍정적 감정 표현
남희두,0.95,"아, 근데 그건 맞는 말 아냐?",None,neutral,opinion,상대방의 의견에 대한 동의 여부를 묻는 발언
이나연,0.95,"그건 맞지. 그래서 나도 말해주지 말걸 했지. 속으로, 근데 나는 솔직히 말하면, X룸에서 너무 울 것 같아서 하루 종일 마음의 준비를 해놨어.",,negative,attention,X룸에 대한 불안감과 슬픔을 느낌
남희두,0.95,효과가 있었어?,None,neutral,question,상대방에게 어떤 효과가 있었는지 묻는 질문
이나연,0.95,응.,None,neutral,response,상대방의 말에 동의하거나 긍정하는 짧은 대답.
남희두,0.95,"나는 울 일 없다고 생각해서 준비를 안 했는데, 봐가지고 오열을 했어.",None,negative,emotion_polarity,남희두는 슬픈 영화를 보고 오열했다고 말하며 부정적인 감정을 드러냄.
이나연,0.95,너 오열했어?,None,negative,attention,자신이 울었는지 상대방에게 질문함.
남희두,0.95,"눈물이 막 나, 눈물 안 흘리려고 했는데, 막 흐르던데? ㅎㅎㅎ",None,negative,emotion_polarity,"눈물이 나는 감정을 표현하며, 감정을 억누르려 했지만 실패했음을 나타냄"
이나연,0.95,나도.,None,neutral,None,상대방의 말에 동의하는 발언.
남희두,0.95,왜 울어 또?,None,negative,attention,상대방이 우는 것에 대한 언급을 통해 부정적인 감정을 드러냄.
이나연,0.95,"어? 야, 그런 말 금지! 금지! 금지! 하지마.",None,negative,갈등,"상대방의 특정 행동에 대해 강하게 거부 의사를 표현하며, 불쾌감을 드러냄."
이나연,0.95,야 우냐? 이런거. 하지마 ㅋㅋㅋㅋ,None,negative,지적,상대방의 행동에 대해 부정적으로 지적하며 비웃음.
이나연,0.95,근데 오늘 엑스룸 갔다 오고 나서 마음은 어때?,None,neutral,attention,엑스룸 방문 후의 심경을 묻는 질문
남희두,0.95,마음 아프지,None,negative,emotion_expression,자신의 감정을 드러내며 마음 아픔을 표현함.
남희두,0.95,"다 지나고 보면 서로 잘질못도 다 알게 되고, 그러는데 그걸 이미 극복하고 그랬으면 여기가 없겠지 우리가?",None,후회,관계,과거의 잘못을 극복하지 못했음을 자조적으로 언급하며 현재 상황에 대한 아쉬움을 드러냄.
이나연,0.95,"희두랑, 저는 사실 잘 맞던 커플은 아니에요. 약간 안 맞는 걸 사랑으로 극복한 느낌이라, 제가 봤을 땐 희두도 저 아직 사랑하는 마음이 남아 있을 거예요. 근데 왜 우린 안 될까?",남희두,negative,attention,"이나연은 남희두와 잘 맞지 않았지만 사랑으로 극복했다고 말하며, 남희두에게 아직 마음이 남아있을 것이라고 추측하며 안타까워한다."
이나연,0.95,항상 왜 안 되지? 사랑하는데?,,negative,갈등,사랑하지만 관계가 잘 풀리지 않는 것에 대한 답답함과 괴로움을 토로함.
이나연,0.95,답답하네요.,None,negative,emotion_polarity,화자가 부정적인 감정을 표현함.
남희두,0.95,"X 대화 했잖아, 나에 대한 얘기할 때 말 다 해줬어?",None,negative,attention,전 연인과의 대화에서 자신에 대한 이야기가 충분히 전달되었는지 확인하려는 질문.
남희두,0.95,오히려 좋았다는데? 너랑 얘기하고 좋은 얘기만 해줬으면..,이나연,positive,attention,상대방(이나연)과의 대화에 대한 긍정적인 언급과 만족감을 표현함.
이나연,0.95,좋은 얘기만 해줬어,None,positive,None,화자는 상대방이 자신에게 좋은 이야기만 해주었다고 말하며 긍정적인 감정을 드러냄.
남희두,0.95,무슨 무슨 얘기하겠어?,None,neutral,question,상대방과 어떤 이야기를 나눌지 궁금해하는 질문
이나연,0.95,뭐..,None,neutral,none,무감정적인 반응
이나연,0.95,기본적인 나의 취향들 너한테 마음이 있는지,None,None,None,자신의 취향에 대해 이야기하며 상대방에게 마음이 있는지 묻는 발언.
남희두,0.95,뭐라는데?,,neutral,question,상대방의 말에 대한 되물음
이나연,0.95,마음 있냐고? 있다고 했어.,None,positive,attention,상대방에게 마음이 있다고 직접적으로 표현함.
남희두,0.95,무슨 마음?,None,neutral,question,상대방의 감정을 묻는 질문
이나연,0.95,너한테 미련 있냐고. 없진 않지 솔직히,None,negative,attention,전 연인(X)에 대한 미련을 솔직하게 인정하는 발언
남희두,0.95,없는 거 같던데?,None,neutral,statement,상대방의 말에 대한 확인 또는 부정의 표현
이나연,0.95,나?,이나연,neutral,self_reference,자신을 지칭하는 발언
이나연,0.95,그래? 어떻게 없어?,None,negative,불만,상대방의 주장에 대한 불신 또는 반박을 표현하는 발언.
이나연,0.95,"그것도 맞아. 알아가는 단계인데, 그 알아가는... 응.",None,neutral,none,알아가는 단계임을 언급하며 말을 흐림.
이나연,0.95,"네, 다른 사람 만나고 싶다고 했으니까 그것도 맞아.",None,neutral,statement,상대방의 이전 발언에 대한 동의를 표명함.
이나연,0.95,기분 나쁘냐? 난 나빠.,None,negative,emotion_polarity,자신의 부정적인 감정을 직접적으로 드러냄.
이나연,0.95,나도 견딜 수 있을 줄 알았어.,None,negative,emotion_polarity,화자는 무언가를 견디는 것이 힘들다고 토로하며 부정적인 감정을 드러내고 있다.
이나연,0.95,맞아.,None,neutral,response,상대방의 말에 동의하는 긍정적인 반응
이나연,0.95,"옆에서 내가 유치하게 굴었지. 더 다른 사람이랑 잘 지내고 나,",남희두,negative,attention,"자신이 유치하게 굴었던 점을 언급하며, 상대방이 다른 사람과 잘 지내는 것에 대한 언급을 통해 불안감을 드러냄."
남희두,0.95,"너 생각보다 유치하더라,",None,negative,criticism,상대방을 유치하다고 평가하며 부정적인 감정을 드러냄.
이나연,0.95,"그러니까 나 유치했지, 다른 사람이랑 괜히 더 말 많이 하고, 그렇지? 나 여기서 엄청 적응 잘했다고 괜히 너한테 텃세 부리고, 그니까!",남희두,negative,attention,"자신의 유치한 행동에 대한 자책과 후회, 남희두에게 보였던 텃세에 대한 언급을 통해 죄책감을 드러내고 있다."
남희두,0.95,누나인 척 하던데? 막?,None,negative,attention,상대방의 행동에 대한 부정적인 감정을 드러냄.
이나연,0.95,"누나긴 해, 내가 야 자꾸 나한테 야라 하지마, 너 거기서.",남희두,negative,불만,상대방의 호칭에 대한 불만을 표현함.
이나연,0.95,"야라고 했어, 야 너 이러잖아. 그래 놓고 자기도 당황해서, 아, 왜 이렇게 동생 같지기 막 혼잣말하고.",남희두,negative,attention,"남희두가 자신에게 '야'라고 부른 것에 대해 불쾌감을 드러내며, 그가 당황하는 모습에 대한 언급을 통해 부정적인 감정을 표현하고 있다."
남희두,0.95,근데 다들 내 엑스가 너라고 생각 못 해.,이나연,중립,관계,다른 사람들이 나의 전 연인이 너라고 생각하지 못한다는 발언.
남희두,0.95,다 다른 사람이라고 생각하던데? 그래서 난 더 재밌어.,None,positive,attention,"남희두는 상대방이 자신을 다르게 생각하는 점을 인지하고, 오히려 흥미를 느낌."
남희두,0.95,하하. 그래?,None,neutral,response,상대방의 말에 대한 단순한 반응
남희두,0.95,어제 데이트 하는데도 어제는 지연이랑 데이트 했거든 지연이가 넌지는 모르는 것 같더라. 딱 누구 같아요라고.,이나연,neutral,observation,"남희두가 어제 이나연과 데이트를 했고, 이나연은 남희두가 누구와 데이트를 했는지 모르는 것 같다고 말함."
이나연,0.95,해은 언니라고 생각하나보다.,,중립,상황 언급,다른 출연자에 대한 추측을 언급함.
남희두,0.95,뭔가 느낌이. 내 느낌이.,,neutral,unclassified,"남희두의 혼잣말로, 특별한 감정이나 대상이 드러나지 않아 분류하기 어렵습니다."
이나연,0.95,내 생각도 그래,None,neutral,agreement,상대방의 의견에 동의하는 발언
남희두,0.95,아 어제 내가 데이트를 좀 했잖아.,None,neutral,narrative,어제 데이트한 경험을 언급함.
이나연,0.95,응.,None,neutral,response,상대방의 말에 동의하거나 긍정하는 짧은 대답.
남희두,0.95,근데 생각보다 뭐..,None,neutral,none,상대방에 대한 직접적인 감정 표현은 없음
남희두,0.95,생각이 깊더라.,None,neutral,observation,상대방에 대한 관찰 내용을 진술함.
이나연,0.95,응.,None,neutral,response,상대방의 말에 동의하거나 긍정하는 짧은 대답.
남희두,0.95,대화하고 그러다 보니까,,neutral,none,특별한 감정이나 의도를 드러내지 않는 발언
이나연,0.95,좋았어? 이거 비꼬는 게 아니라 진심으로,None,positive,initiative,상대방의 반응에 대해 진심으로 묻는 발언.
남희두,0.95,솔직히 안 괜찮은 줄 알았어.,None,negative,불안,상대방의 감정 상태에 대한 불안감을 드러냄.
남희두,0.95,그냥 해도 별로였을 줄 알았어.,None,negative,불안,상대방의 행동에 대한 불안감을 드러냄.
이나연,0.95,근데 좋았어?,None,positive,emotion_polarity,상대방의 기분에 대해 묻는 발언에서 긍정적인 감정을 느낌.
남희두,0.95,그래서 의외였어. 아무렇지도 않을 줄 알았는데 그랬어서 만약에 밖에서 그냥 사석에서 봤으면 더 편하게 만날 수 있어 있을 것 같은 사람이었어.,None,positive,attention,"과거 연애에 대한 미련과 긍정적 감정을 표현하며, 사적인 만남에 대한 기대감을 드러냄."
이나연,0.95,편하게 마음을 열고 어.,None,neutral,none,편하게 마음을 열자는 발언
남희두,0.95,여기서 만나는 것보다 밖에서 만나는 게 더 좋았을 것 같다는 생각이 들었지.,None,negative,불만,밖에서 만나는 것이 더 좋을 것 같다는 생각에 대한 발언
이나연,0.95,"만나봐, 행복하게 잘 만나",None,positive,support,상대방의 행복을 바라는 긍정적인 감정을 표현함.
남희두,0.95,뭐?,,neutral,response,상대방의 말에 되묻는 반응
이나연,0.95,행복하게 지내야지 잘 만나고 새로운 사람들 만나야지.,None,positive,emotion_polarity,행복하게 지내겠다는 긍정적인 감정을 표현함.
남희두,0.95,말 똑바로 해. 왜 무슨 행복하게 만나는 게 뭐야,None,negative,불만,상대방의 말에 불만을 표현하며 따지는 말투.
이나연,0.95,말 그대로지 눈치 보지 말고 하던 대로 하라고,None,neutral,instruction,눈치 보지 말고 하던 대로 하라는 지시적인 발언
이나연,0.95,약간 다른 사람을 품은 게 느껴졌어요.,None,negative,attention,상대방에게 다른 사람을 품은 것이 느껴졌다고 말하며 부정적인 감정을 드러냄.
이나연,0.95,"(희두에게) 응원할게. 진심으로는 아니고, 말로만 ㅎㅎㅎ",남희두,neutral,support,상대방을 응원하는 발언이지만 진심은 아님을 표현함.
이나연,0.95,"응, 나 좋아.",None,positive,emotion_polarity,자신에 대한 호감을 표현함
이나연,0.95,근데 새로운 사람 만나서 엄청 설레고 좋았어.,None,positive,emotion_positive,새로운 사람을 만나 설레고 좋았다는 긍정적인 감정 표현
남희두,0.95,아 막 설렜어?,None,positive,emotion_polarity,설렘을 표현하는 긍정적 발언
이나연,0.95,어 설렜어. 진짜 막 설렐 수밖에 없는 환경이었어.,None,positive,emotion_polarity,설렘을 느꼈다고 표현함.
남희두,0.95,난 누군지는 모르니까.,None,neutral,statement,자신을 모르는 상대방에게 하는 말.
이나연,0.95,좋은 사람이었고 그래서 설렜는데 네 생각도 엄청 많이 났지.,남희두,positive,attention,과거 회상과 현재 감정이 혼재된 발언. '좋은 사람'에게 설렜다는 긍정적 감정과 함께 '네 생각'이 났다는 언급은 X에 대한 미련이나 감정적 연결고리를 내포.
남희두,0.95,난 네가 완전히 나 신경 안쓰는 줄 알았지. 진짜 맘에 들어 하는구나라고 생각했는데?,이나연,positive,attention,상대방이 자신을 마음에 들어하는지 확인하며 호감을 표현함.
이나연,0.95,알아보고 싶은 마음은 있었지. 근데.. 일주일이랑 4년이랑 비교가 되냐? 내가 지금 마음 가는 사람이 있긴 하거든?,None,negative,attention,전 연인(X)에 대한 언급과 현재 마음이 가는 사람이 있음을 언급하며 복잡한 감정을 드러냄.
남희두,0.95,응 근데?,,neutral,response,상대방의 질문에 대한 단순한 되물음
이나연,0.95,근데 너한테 마음이 더 커.,None,positive,attention,화자는 상대방에 대한 마음이 더 크다고 고백하며 호감을 표현하고 있다.
남희두,0.95,갑자기?,None,neutral,question,상대방의 갑작스러운 행동이나 말에 대한 의아함을 표현하는 질문
이나연,0.95,"갑자기 아니야. 데이트할 때 설렘이랑 질투 중에 질투가 더 커 근데 미칠 거 같아, 그걸 동시에 느끼니까.",None,negative,emotion_polarity,데이트 중 설렘과 질투를 동시에 느껴 혼란스러워하고 있다.
남희두,0.95,아 그정도로 그래도 마음에 들긴 하나보다. 신기하네.,None,positive,attention,상대방에 대한 호감을 드러내며 신기해함.
이나연,0.95,눈물을 흘림.,None,negative,emotion_polarity,슬픔을 느껴 눈물을 흘림.
남희두,0.95,왜 울어? 왜 우는 거야?,None,negative,attention,상대방의 울음에 대한 걱정 또는 안타까움을 표현하는 발언
이나연,0.95,"솔직히 여기 와서 내 자신이 싫어. 솔직히 나도 데이트 하고 와놓고 질투하는 내 모습이 싫고, 너 응원해주겠다고 해놓고 질투하는게 너무 짜증나. 근데 엄청 질투나, 엄청.",None,negative,emotion_expression,"자신에 대한 부정적인 감정을 드러내며, 데이트 후 질투하는 자신의 모습에 대한 짜증과 질투심을 표현함."
남희두,0.95,"뭐지? 싶었어요. 질투가 난대요. 근데 저는 제가 느끼기에는 재밌게 놀고 다른 사람 만날거, 당연히 다른 사람 만나러 왔으니까, 그냥 갑자기 미련이 있다. 그래서 저는 사실 혼란스러웠죠, 혼란스럽고 멋있지 않았어요.",None,negative,관계,상대방의 질투 발언에 혼란스러움과 실망감을 느낌.
이나연,0.95,속상하다고 말했어야 질투 난다고 근데 희두는 몰랐더라고요.,남희두,negative,attention,"남희두에 대한 서운함과 질투를 표현했지만, 남희두가 알아차리지 못했다는 발언"
남희두,0.95,그 사람 왜... 설레고 좋았어? 누군지 모르겠지만,None,positive,attention,누군가에 대해 설렘과 호감을 느끼는 감정을 표현함.
이나연,0.95,말해야하나?,,neutral,question,상대방에게 말을 해야 할지 묻는 발언
남희두,0.95,"말하기 싫으면 말 안 해도 되지,",None,negative,갈등,상대방의 비협조적인 태도에 대한 불만과 짜증을 드러내는 발언.
이나연,0.95,따뜻해,,positive,None,따뜻함을 느낌.
이나연,0.95,"결이 달라. 너는 속이. 알고 볼 수록 따뜻한 사람이고, 그 사람은 대놓고 따뜻하고",남희두,positive,mention_other,다른 사람을 칭찬하며 호감을 표현하고 있다.
이나연,0.95,"근데 진짜 좀 혼란스러워,",None,negative,emotion_polarity,혼란스러움을 느끼는 감정을 표현함.
이나연,0.95,너랑 같이 있으니까,None,positive,emotion_polarity,화자와 함께 있는 대상에 대한 긍정적 감정 표현
이나연,0.95,내가 그냥 같은 집에 있으니까 감정이 혼란스럽다. 데이트하고 와서 즐거운데 널 보고 질투가 나.,남희두,negative,emotion_expression,"같은 집에 있는 상황 때문에 감정이 혼란스럽고, 데이트 후 즐거움과 동시에 질투심을 느낀다고 표현함."
남희두,0.95,응원해줄 마음은 없었어?,None,negative,attention,상대방에 대한 서운함이 드러나는 발언
이나연,0.95,100% 응원은 못하겠는데?,None,negative,불안,100% 응원은 못하겠다고 말하며 불안감을 드러냄.
남희두,0.95,행복했으면 좋겠다며?,None,neutral,question,상대방에게 행복을 바라는 마음이 있는지 확인하는 질문
이나연,0.95,행복했으면 좋겠는데?,None,positive,emotion_polarity,상대방의 행복을 바라는 감정을 표현함.
남희두,0.95,그게 행복할 것 같지 않아?,None,positive,emotion_polarity,상대방의 행복을 기대하는 긍정적 발언
이나연,0.95,그렇기도 해.,None,neutral,response,상대방의 말에 동의하는 짧은 응답.
이나연,0.95,그래도 내 옆에 있는 게 제일 행복할 걸?,None,positive,emotion_polarity,자신에 대한 긍정적 감정을 표현하며 행복을 언급함
이나연,0.95,너가 마음에 가는 사람?,None,positive,attention,호감을 표현하는 질문
남희두,0.95,말 해야 돼?,None,neutral,question,상대방에게 말을 해야 하는지 묻는 질문
남희두,0.95,"나는 좀 마음 연 상태로 지내 봐야 알 것 같아, 왜 또 울어?",None,negative,attention,상대방이 우는 것에 대한 언급을 통해 부정적인 감정을 드러냄.
이나연,0.95,쉬고 있어. 좀 울고 올게. 아니야 여기서 좀 울고 올게,None,negative,emotion_expression,힘든 감정을 표현하며 울고 싶어함
남희두,0.95,"사실, 너가 울면 나 아무것도 못해. 너가 울면 반칙이야.",이나연,positive,attention,상대방(너)에 대한 감정적 의존과 긍정적 감정을 표현.
남희두,0.95,"심지어 너가 우는 거면 나 때문에 우는 건데, 내가 울리는 거잖아",이나연,negative,상처/갈등,상대방이 우는 이유가 자신 때문이라는 자책과 미안함이 드러나는 발언
이나연,0.95,"안 올리면 되지않나? 그럼 쉬운디? ㅋㅋ X룸도 다녀오고, 대화도 하고, 제 마음을 스스로 많이 확인했어요. 확실한 미련이 있다. 난 희두가 아니면 아직 안 될 것 같다는 생각이 들었어요, 사실.",남희두,positive,attention,전 연인에 대한 미련을 확인하고 남희두가 아니면 안 될 것 같다고 생각하며 긍정적인 감정을 드러냄.
이나연,0.95,"솔직히 너무 만나고 싶어요. 근데 그러면 안 될 것 같고, 반복하지 않고 싶고, 이렇게까지 했는데 만났다가 헤어지면, 다음은 어떡하지? 그리고 서로가 너무 잘 알아요. 우리가 안 된다는 걸.",남희두,negative,attention,"재회에 대한 갈등과 망설임, 재회 후 관계에 대한 불안감을 드러냄."
남희두,0.95,지금 들어가야 돼요? 바로? 바람 좀 쐬면 안 돼요?,None,중립,요청,상대방에게 바람을 쐬고 싶다는 의사를 묻고 있음.
남희두,0.95,흑 흑흑흑.. 끄흑 흑흐흑...,None,negative,emotion_expression,슬픔을 표현하는 울음
남희두,0.95,끄흑... 흑.. 으흑흑흐흐...(오열중),None,negative,emotion_expression,슬픔을 참지 못하고 오열하는 감정을 표현함.
남희두,0.95,"죄송해요. 죄송해요. 아, 진짜 확실하게 저는 잘 끊어내는 사람인 줄 알았는데 못하겠어요. 아, 못보겠어, 얼굴 보고 막 못하겠어요. 냉정하게 얼굴 보는 게 힘들어요.",None,negative,confession,남희두는 이별을 냉정하게 대처하지 못하는 자신의 모습에 힘들어하며 괴로움을 토로하고 있다.
