speaker,text,target,sentiment,category,summary
남희두,"자, 이 중에서 시청해주셔서 감사합니다.",,neutral,closing,방송 종료 멘트
이나연,왜 이렇게 살 빠졌어?,None,neutral,question,상대방의 외모 변화에 대한 질문
남희두,다리 많이 빠졌지 쭉 운동 열심히 해서 요즘 되게. 응?,None,positive,칭찬,상대방의 외모 변화에 대해 칭찬하는 발언
이나연,멋있어졌다.,None,positive,칭찬,상대방의 외모나 능력에 대해 칭찬하는 발언.
이나연,왜 이렇게 어색하냐? 오랜만에 봐서 그런가?,None,negative,불만,오랜만에 만난 대상과의 어색함에 대한 불만
남희두,어색하지 오랜만이니까 다른 사람 그래.,None,neutral,greeting,오랜만에 만난 상황에 대한 어색함을 표현하는 발언
남희두,다른 사람 같아 나 달라진 거 없어?,None,neutral,appearance,자신의 외모 변화에 대한 질문.
남희두,보이던데 뭐 더 있어야 돼?,None,neutral,question,상대방에게 필요한 것이 더 있는지 묻는 질문
이나연,아니 많이 달라졌잖아 머리도..,None,neutral,appearance,상대방의 외모 변화를 인지하고 언급함.
남희두,그래!,None,neutral,response,상대방의 긍정에 대한 단순한 동의 표현
이나연,그거밖에 없나 보네.,None,neutral,none,상황에 대한 체념적인 반응을 보임.
이나연,네.,,neutral,response,상대방의 질문에 대한 동의 또는 확인 응답
남희두,만약에 방송 아니었으면 다 원래 이렇게 했을 거 같애 모르겠다.,None,neutral,uncertainty,방송 상황이 아니었다면 어땠을지 모르겠다는 발언.
이나연,나는 사실 그때는 네가 좀 보고 싶기도 했고 아 연락하고 싶었어?,남희두,positive,attention,전 연인(X)에 대한 그리움과 연락하고 싶었던 감정을 표현함.
남희두,어..,,neutral,response,상대방의 발언에 대한 단순 반응
이나연,잘 지내는지 경기 잘했는지?,남희두,neutral,question,남희두의 안부를 묻는 질문
남희두,맨 처음 본 거는 듣고 있는데 강의실 문 열면서 혼자 마지막으로 들어온 거예요. 회색 카디건에 그 앞에 모양은 들어간 바디건이 있고 태블릿 PC랑 이렇게 들고 딱 들어오는데 그 모습이 생생히 기억나기는 해요 그게 천만원입니다.,이나연,positive,attention,이나연의 첫인상에 대한 긍정적 묘사
이나연,희두가 근데 워낙 인상이 강하잖아요 존재감이 강하니까 어딜 가도 좀 눈에 띄었어요 그래서 지나갈 때마다 뭐야 저 키 크고 잘생긴 사람 동기들 사이에서도 서로 알고 있었어요.,남희두,positive,attention,남희두의 강한 인상과 존재감에 대한 긍정적 언급과 주변의 높은 관심에 대한 발언
남희두,이뻐가지고 배고프진 않음.,None,positive,compliment,상대방의 외모에 대한 칭찬을 통해 긍정적인 감정을 표현함.
이나연,아 제가 한 번 말을 걸어야 되는데 희두한테는 몰랐다고 했는데 알게 되기 완전 전에도 한번 힘들어하는 지하철을 같이 탄 적이 있거든요.,남희두,negative,attention,지하철에서 남희두가 힘들어하는 모습을 봤던 과거 회상하며 언급.
이나연,저랑 몇 정거장 안 차이 났거든요. 우리집 근처 산에 이러면서 계속 구경하면서 봤어요. 본인은 모를걸요. 생각해보면 운명인가? 감사합니다.,남희두,positive,attention,과거 남희두와 거주지 근처에서 우연히 마주쳤던 상황을 회상하며 운명적인 감정을 느낌.
남희두,"2018년도 1월 1일이었는데, 원래 SNS로는 친구가 돼 있었어 가지고 보낼까 말까 하다가 그냥 진짜 편하게 '새해 복 많이 받으세요' 라는 말로 편하게 새해를 보냈었죠. 누나 나연이 누나 맞죠? 이런 식으로 잘 보냈었죠.",이나연,positive,attention,과거 이나연과의 SNS 친구 관계를 언급하며 새해 인사를 보냈던 경험을 회상하며 편안한 감정을 표현함.
이나연,어 희두도 새해 복 많이 받아 이렇게 연락을 이어갔어요.,남희두,positive,attention,"남희두에게 새해 인사를 건네며 연락을 이어갔다는 내용으로, 긍정적인 감정이 드러난다."
남희두,"평창올림픽 직전에 신천에 있었거든요. 그때 이제 연락을 주고 받고 있었는데, 막 만나지도 못하는 상황인데?",이나연,neutral,event,평창 올림픽 직전 신천에 있을 때 이나연과 연락을 주고받았지만 만나지 못했던 상황을 언급하며 과거를 회상하고 있다.
이나연,"계속 연락하고 전화하고 그래서 썸을 조금 길게 탔어요. 한 달 넘게? 저 끝나고 서울 가서 보자 그 약속을 미리 잡고, 서울 가성파점 회색 코트를 입고 들어왔어요. 멀리서 너무 잘생긴 거예요.",None,positive,attention,썸을 타던 상대방의 외모에 대한 긍정적 감정 표현.
이나연,"만나자마자 아, 내 남자다.",None,positive,attention,상대방에 대한 강한 호감을 표현하는 발언
이나연,멋있네. 그러고 만났죠.,None,positive,칭찬,상대방의 외모에 대한 칭찬
이나연,처음엔 제가 선배니까 존댓말을 했어요. 존댓말을 하다가 자기 마음대로 반말을 하다가 자기 마음대로 '나연아'라고 부르더라고요. 내가 그릇도 실치 나왔어.,남희두,negative,불만,"상대방이 존댓말과 반말을 섞어 쓰고, 자신을 함부로 대하는 것에 대한 불만을 표현함."
이나연,그게 또 사람들이 말하는 연하의 매력이 뭔지 좀 느끼게 해주더라고요. 맨날 밥 먹었어 나연아? 이러면 고래 나연이래 어린 게 이런 설렘?,남희두,positive,attention,남희두의 행동에서 연하의 매력을 느끼고 설렘을 표현함.
남희두,제일 기억에 남는 건 일단 의란미 갔던 그게 제일 기억에 남아요. 그때 좀 진짜 행복했을 것 같아요.,None,positive,emotion_polarity,의란미에 갔을 때 행복했다고 말함.
이나연,"진짜 너무 좋았어요. 같이 불꽃리를 하는 걸 찍으면서 담기는 목소리가 너무 행복한 거예요. 뭐 휘청거리나? 다 귀엽더라고요. 코를 파도 귀엽고, 밥 먹다가 위에 뭐가 껴도 귀엽고, 그래서 뭘 해도 좋은 사람이 이거구나 알게 해준 느낌이에요.",남희두,positive,affection,"불꽃놀이 영상을 찍으면서 남희두의 모든 모습이 귀엽고 좋았다는 감정을 표현하며, 남희두가 자신에게 '뭘 해도 좋은 사람'이라는 느낌을 준다고 말함."
남희두,"제가 기분이 안 좋은 날에도 나연이를 보면 저까지 기분이 좋아지는 워낙 또 사람이 밝고, 그래서 제가 어둡다가도 같이 있으면 밝아지는 느낌이에요. 큰일 났다 이 시각 세계였습니다. 눈 떠봐, 제가 시합할 때 항상 보러 왔었어요. 라이언이 올 때 거의 이겼던 것 같아요.",이나연,positive,affection,이나연을 보면 기분이 좋아지고 밝아지는 느낌이라고 말하며 호감을 표현함. 시합 때 보러 와줬던 기억을 떠올림.
남희두,자기 속녀죠.,None,neutral,relationship,남희두가 누군가를 '자기 속녀'라고 칭함.
이나연,ㅎㅎㅎㅎㅎ 하여튼 그게 전부인 줄 알았어요. 행복했어.,None,positive,emotion_polarity,행복했다는 감정을 드러냄.
이나연,진짜 큰일났다. 무섭더라고요. 내가 이렇게 좋아했어요? 너무 멋있으니까 진짜 무서웠어요. 제 마음이.,남희두,positive,emotion_polarity,자신이 상대를 좋아하는 마음에 대해 긍정적인 감정을 드러내고 있다.
남희두,"그리고, 아, 이 사람이 되게 나한테 힘이 되고 뭔가 기댈 수 있는 사람이구나 라는 걸 느낀 때가 있었는데, 제가 다쳤어가지고 병원을 같이 가게 됐어요. 국제 대회를 큰 대회를 나가는 시기였어서 그런 식의 다치고 갑자기 수술해야 된다는 말 들었을 때 너무 좌절감이 큰 거예요. 그래서 저도 모르게 눈물이 좀 많이 갔는데, 말없이 안아주는 거예요. 그때 제가 나연이 앞에서 처음 울었던 것 같아요.",이나연,positive,attention,이나연에게 위로받고 의지하게 된 계기를 설명하며 긍정적 감정을 드러냄. 다쳤을 때 이나연이 말없이 안아준 것에 감동받음.
이나연,뭔가 슬펐어요 애기처럼 우니까 애가 그리고 희두가 슬프면 정말 진심으로 같이 눈물이 막 나고 막 그랬어요.,남희두,negative,emotion_expression,남희두가 슬퍼하는 모습에 함께 슬픔을 느꼈다는 발언
이나연,되게 가족만큼 사랑했던 것 같아요.,None,positive,attention,가족만큼 누군가를 사랑했다는 감정을 표현함.
남희두,"전 거의 가족이라고 생각했어요. 가족같이 가까운 사이 없고, 가족처럼 믿을 수 있는 사이 그만큼 마음 연거는 처음이자 마지막이었죠.",None,negative,attention,가족같이 믿었던 대상과의 관계가 단절된 것에 대한 상실감과 슬픔을 표현하고 있다.
이나연,"야, 밥 오랜만에 먹는다.",None,neutral,daily,오랜만에 밥을 함께 먹는 상황에 대한 언급
이나연,"빠져보고 아, 어색해.",None,negative,attention,어색함을 느껴 부정적인 감정을 드러냄.
이나연,그건 뭐..,,neutral,none,상대방의 말에 대한 반응.
이나연,뭐.. 다른 사람은 안 만났나?,None,neutral,attention,다른 사람을 만났는지 묻는 질문
남희두,"너? 응, 너랑 헤어졌다고 말했지.",None,negative,attention,전 연인(X)에 대한 언급을 통해 부정적인 감정을 드러냄.
이나연,음.,None,neutral,none,단순 응답
남희두,"자연스럽게 다 알게 됐지, 그래서 소개팅도 들어오고 했어?",None,neutral,information_seeking,소개팅 경험에 대한 질문
남희두,음.,None,neutral,response,남희두의 단답형 응답.
남희두,"야, 나는 근데 좀 바빴어.",None,neutral,statement,바빴다는 사실을 전달함
이나연,뭔가...,None,neutral,none,감정을 표현하기 전 망설이는 중립적인 발언
남희두,누구를 또 만나고 그럴 여유가 없었어. 바빠서.,None,negative,self_description,바쁜 일상으로 인해 다른 사람을 만날 여유가 없었음을 토로함.
이나연,"진짜 자상한 사람이에요. 행동으로 자상한데 만나면? 뭐 또 저를 혼내요. 그러면 데리러 와가지고 또 싸우고, 왜 이렇게 늦게 와라던지? 오늘은 이게 뭐냐? 이게 뭐냐?",남희두,복합적,관계,상대방의 자상함과 비난적인 태도가 공존하는 것에 대한 복잡한 감정을 드러냄.
남희두,"데이트하러 출발하다가 차 안에서 싸워서 그냥 내내 싸우다 집에 간 적도 있고, 제 생일날 애도 사우조 배고파서 갔는데요, 서로 아 맛있겠다 이러고 있다가 시켜서 이런 음식 나오는데 과자냐? 시청해주셔서 감사합니다. 이 기분으로 뭘.. 알겠어, 여러분 가자.",None,negative,conflict,과거 데이트 중 싸웠던 경험과 생일에 사우주에서 있었던 불만족스러운 경험을 이야기하며 부정적인 감정을 드러냄.
이나연,그 남양주 쪽 카페에 가서 주문하다가 싸워가지고 개인 플레이 따로 앉아가지고 따라온다!,남희두,negative,attention,남양주 카페에서 싸운 경험을 언급하며 갈등 상황을 설명함
이나연,"어느 순간 희조를 내가 진짜 사랑했던 건 알겠는데, 내가 좋아했던 사람이었는데 과연 나한테 좋은 영향을 끼치는 사람이었을까? 이런 걸 생각하게 되더라고요.",,negative,attention,과거 연애를 회상하며 상대방이 자신에게 긍정적인 영향을 주었는지에 대한 의문을 제기하고 있다.
남희두,"되게 서로 감정이 너무 상하고, 더 이상 노력하고 싶지 않다는 생각이 들었어요.",None,negative,갈등,서로 감정이 상하고 더 이상 노력하고 싶지 않다는 감정을 표현함.
이나연,아예 저라는 사람을 좀 안 좋게 보는 느낌이었어요. 너는 나라는 사람이 있는 그대로 좋아질 수 없냐?,None,negative,attention,"자신에 대한 상대방의 부정적인 시선에 대한 서운함을 표현하며, 있는 그대로의 자신을 좋아해 줄 수 없는지에 대한 질문을 통해 답답함을 드러내고 있다."
남희두,포기를 해야 되는데 이게 자꾸 신경이 쓰이더라고요.,None,negative,attention,"포기해야 하지만 계속 신경 쓰인다는 발언은 미련이나 아쉬움을 드러내는 것으로, 부정적인 감정을 내포한다."
이나연,한 번은 비오는 날 우산 쓰고 엄청 싸웠는데 우산은 끝까지 씌워주더라구요.,남희두,negative,attention,과거 연인과의 다툼을 회상하며 좋지 않았던 감정을 드러냄.
이나연,제 쪽으로 약간 그러네요. 엄청 알 수 없지 않아요? 이 게시물이 나쁜 건지 착한 건지 알 수 없는 약간 비참한 듯해.,None,negative,attention,게시물의 의도를 파악하기 어려워 혼란스러워하며 약간 비참한 감정을 느낌.
남희두,왜?,,neutral,question,상대방에게 이유를 묻는 질문
이나연,"네가 날 싫어하는 것 같아서, 난 널 싫어하는 게 아니야.",None,negative,갈등,상대방이 자신을 싫어한다고 오해하는 것에 대한 해명과 감정 표현.
남희두,난 그 상황이 진짜 싫었던 거지.,None,negative,attention,과거 특정 상황에 대한 부정적인 감정을 표현함.
남희두,뭔가 음.,None,neutral,none,남희두의 중립적인 발언
이나연,"자꾸 너가 그 상황을 계속 만들고 싶어 하는 것 같아서, 마지막 헤어진 거는 크리스마스도 앞두고 그래서 그냥 그 기념으로 여행을 가기로 했어요. 차에서 여행지를 막 정하는데, 네이비를 쳤어요.",남희두,negative,attention,남희두와 헤어지기 전 크리스마스 여행 계획을 세웠던 상황을 언급하며 부정적인 감정을 드러냄.
남희두,거의 3시간 넘게 걸리는 거예요.,,neutral,information,이동 시간을 언급하는 발언
이나연,"히두가 근데 거기 멀지 않아? 이래가지고 3시간이 얼마 안 걸린다는 게 아니라 다른 데랑 비슷하다. 다른 데보다 멀지 않다라는 뜻에서 얼마 안 걸리네 했는데, 걔는 이게 얼마 안 걸려?",남희두,negative,attention,남희두의 말에 대한 오해를 언급하며 답답함을 표현.
남희두,"이러면서 그날 따라 왜 이러는지 모르겠는데, 내가 운전하고 그래도 먼 거리인데 먹은 거 아니야 이런 식으로 얘기를 하다가, 그게 싸움이 시작된 거야. 진짜 아무것도 아닙니다.",None,negative,갈등,운전 중 먹는 문제로 싸움이 시작됨.
이나연,그 막판에는 그냥 온통 희두가 저를 싫어한다는 느낌밖에 못 받았어요. 그냥 계속 마음속에 이렇게 싫어하는 날 왜 만나지? 이런 생각뿐이었거든요. 너 내가 생각하고 말하라 했지? 이러는 거예요.,남희두,negative,attention,"남희두가 자신을 싫어한다고 느꼈던 경험에 대해 이야기하며, 당시 남희두의 말투와 행동에서 받은 부정적인 감정을 표현하고 있다."
남희두,너 그냥 그런 사람이야. 그냥. 우리 안 맞는 거야.,None,negative,갈등,상대방에 대한 부정적인 감정을 드러내며 관계의 부적합성을 언급하는 발언
남희두,배려심이니 없는 친구도 아닌데 그런 말을 하니까 근데 그게 100% 진심이 아닐 거란 말이야.,None,negative,갈등,상대방의 말에 대한 불신과 부정적인 감정을 드러냄.
이나연,"또 똑같이 반복이 될 거니까, 그러면 다시는 만나고 싶지 않아요.",None,negative,rejection,과거의 부정적인 경험 반복에 대한 거부 의사 표명
이나연,너 지금 난 미워?,None,negative,emotion_polarity,화자는 상대방이 자신을 미워하는지 질문하며 불안감을 드러내고 있다.
남희두,아님?,,neutral,question,상대방의 의견을 묻는 질문
이나연,궁금해. 아무 감정 없어?,None,neutral,question,상대방의 감정에 대해 질문하는 발언
남희두,네.,,neutral,response,상대방의 발화에 대한 단순 응답
남희두,미워 했었지 미워했었는데 약간 헤어졌어도 어차피 사람이 헤어지면 남이 되는 거잖아. 남이 되는데?,None,negative,attention,헤어진 후 남이 되는 것에 대한 생각과 미움의 감정을 드러냄.
남희두,남이어도 미워하고 싶지 않은 느낌이에요.,이나연,negative,emotion_polarity,남희두가 이나연에 대해 미워하고 싶지 않다는 감정을 표현함.
이나연,"흐음, 밉지 않은 남고맙다.",남희두,positive,gratitude,고마움을 표현함
남희두,안 미워해져서 솔직히 미워하고 싶은 사람은 아니지 그래.,None,negative,갈등,미워하고 싶지만 미워할 수 없는 대상에 대한 복잡한 감정을 드러냄.
이나연,너가 이제 나 안 미워해서 다행이다.,None,positive,comfort,상대방을 안심시키는 발언
이나연,들어가서 재밌게 상처받지 않고 지냈으면 좋겠다.,None,positive,wish,다른 출연자들이 상처받지 않고 즐겁게 지내기를 바라는 마음을 표현함.
남희두,"울지 않고, 아, 웃기게, 너 오늘 보니까 반가워 반가운데 반가움에 속지 않을 거야.",이나연,positive,attention,"오늘 이나연을 다시 보게 되어 반가움을 표현했지만, 감정에 휘둘리지 않겠다는 의지를 드러냄."
남희두,"너도 그렇고 나도 그렇고, 그럼..",None,neutral,uncertainty,대화의 불확실성을 표현하는 중립적인 발언
남희두,하고 싶은 대로 존중할게.,None,positive,support,상대방의 의견을 존중하겠다는 발언
이나연,즐겁게 읽어볼게요.,,positive,None,상대방에게 긍정적인 반응을 보임.
이나연,"표정! 어허, 나연이는 착한 사람이 가질 수 있는 모든 좋은 점을 다 갖고 있어요. 나연이와는 좋은 추억도 많지만, 사소한 걸로 쌓은 기억이 많아서, 제가 더 많이 이해해주지 못해 아쉬움이 남습니다.",이나연,positive,칭찬,"이나연은 착한 사람이 가질 수 있는 모든 좋은 점을 다 갖고 있고, 좋은 추억이 많지만 더 이해해주지 못해 아쉬움이 남는다고 말함."
이나연,"서로 안 좋은 얘기하고 비난하고 미워하기 바빴는데, 나를 좋은 사람으로 기억했구나를 새삼 느꼈어요.",None,negative,emotion_polarity,"과거 관계에서 부정적인 감정을 느꼈으나, 상대방이 자신을 좋게 기억한다는 사실에 새로운 감정을 느낌."
이나연,한 6번 정도 봤거든요.,None,neutral,attention,상대방을 여러 번 만났음을 언급하고 있다.
이나연,계속 볼 때마다 눈물 시청해주셔서 감사합니다.,None,positive,gratitude,시청자들에게 감사 인사를 전하고 있다.
이나연,"X가 뭘 잘못 먹었는지 저한테 엄청 호의적인 거예요. 기대가 되나? 아무튼, 저한테 자기랑 데이트 뭐 하고 싶냐고 하겠다고 한 적도 없는데, 감사합니다. 얘가 왜 이러지?",None,positive,attention,"X에 대한 호감과 기대감을 드러내며, 감사 인사를 표현함."
이나연,나는 새로운 사람한테 마음이 간다.,None,negative,attention,새로운 사람에게 마음이 간다고 말하며 불안감을 드러냄.
이나연,조금 편했어요. 저는. 누군가를 알아갈 때 눈치를 안 보고 알아갈 수 있으니까 이제는 좀 더 다정한 사람을 만나고 싶다는 마음이 컸어요. 되게 부드러운 그런 매력이 있어요. 부드럽게 저를 되게 귀여워해주시고 챙겨주시고 그래서 사랑받는 느낌이 저는 좀 들었어요. 만약에 X가 있었으면 쉽게 다가가지 못했을 것 같아요.,None,positive,관계,"새로운 사람을 알아가는 과정에서 편안함을 느끼고, 다정하고 부드러운 매력에 호감을 느낌. X의 존재가 없었기에 가능했던 감정."
이나연,조금만 더 늦게 와도 괜찮겠다. 데이트 상도 데려왔어요. 제가 지금.,None,negative,attention,질투심과 불쾌감을 드러내며 비꼬는 말투로 발언함.
이나연,남자가 왔어요?,,neutral,question,남자가 왔는지 묻는 질문
이나연,남자가 왔다고요? 제가 전 2층에 있었거든요. 새로운 분이 오셨다고 인사를 하래가지고 갑자기 이 시간에?,,중립,상황 설명,새로운 남성 출연자의 등장에 대한 놀라움과 상황에 대한 설명.
이나연,나의 데이트 상대 빨리 반겨줘야겠다 하고 내려갔죠.,None,positive,attention,"자신의 데이트 상대를 긍정적으로 언급하며, 그를 맞이하러 가는 설렘을 표현함."
이나연,둘이 왜 같이 오지?,None,궁금,attention,다른 출연자들의 관계에 대한 궁금증을 드러냄.
이나연,뭐지?,,neutral,none,화자는 상황을 파악하려 하고 있다.
이나연,성함이 어떻게 되세요?,None,neutral,question,자신의 이름을 묻는 질문
남희두,나는 힛.,None,neutral,self_introduction,남희두가 자신을 소개함
이나연,히..,None,None,Unclassified,감정을 표현하는 감탄사
남희두,히트!,,neutral,None,감정이나 관계에 대한 직접적인 정보가 없는 단순한 감탄사.
이나연,저 쳐다도 안 보더라고요.,None,negative,attention,상대방이 자신을 쳐다보지 않는 것에 대한 부정적인 감정을 드러냄.
이나연,아 이런 거였구나. 그동안 다들 이랬는데 나만 즐거웠구나.,None,negative,emotion_polarity,자신만 즐거웠다는 사실에 대한 충격을 드러냄.
이나연,왜냐면 오자마자 감정이 안 좋더라고요.,None,negative,emotion_polarity,감정이 안 좋았다는 부정적인 감정을 드러냄.
남희두,이게 모르는 사람은 어떻게 느낄지 모르는데 아무튼 저는 알잖아요.,None,neutral,unclassified,자신과 관련된 어떤 사실을 상대방이 알고 있다는 점을 언급하며 대화를 이어가고 있다.
남희두,처음 들어서 그냥 깜짝 놀라는 것 같은데 기분 안 좋아하는 거 같이 보였어요.,None,negative,emotion_polarity,상대방의 기분이 안 좋아 보였다고 언급하며 부정적인 감정을 표현함.
남희두,저 새의 눈은?,None,neutral,question,새의 눈에 대해 질문하는 발언
남희두,아.. 뭐.. 뭐.. 고맙습니다. 아 뭐.. 뭐.. 뭐 끊을 뻔 했더니..,None,positive,gratitude,"상대방에게 고마움을 표현하며, 통화 연결에 대한 안도감을 드러냄."
이나연,저를 너무 홀대하시더라고요.,None,negative,불만,상대방이 자신을 홀대한다고 느끼며 불만을 표현함.
이나연,너무해요. 어떻게 저를 그렇게 나 걱정해가지고 나간건데 아무도 없..,None,negative,불만,자신을 걱정해서 나간 사람에 대한 서운함과 불만을 표현.
남희두,있으니까 그렇게 좀 편하게 들어오지 않았을까요? 이거 누가 보면 어떡하자는 생각이 그랬던 것 같아요.,None,negative,불안,누가 볼까 봐 불안해하는 감정을 드러냄.
이나연,"나? 나도 잘 타 오 둘이 같이 잘 탔네? 아, 근데 손잡고 탄 거 아니야? 손잡고 탔다고? 손잡고 탔다고? 아니, 끌어줬어. 으음, 너무 아파.",남희두,negative,attention,"남희두와 다른 여자가 스노보드를 같이 탄 상황에 대해 질투심과 불편함을 드러내며, 신체적 고통을 호소하고 있다."
이나연,응. 서로 X랑 베이킹했네요? 그러네요.,None,neutral,attention,상대방의 X와 베이킹을 같이 했다는 사실을 언급하며 관심을 표현함.
이나연,하필 왜 서로 둘이 눈물..,None,negative,emotion_polarity,눈물을 보이는 상황에 대한 부정적인 감정을 드러냄
이나연,"야옹, 엄청난 데이트를 하셨더라고요.",None,negative,attention,다른 사람의 데이트에 대한 질투를 드러내는 발언
이나연,"롯데월드 전체 대관을 해서 나도 롯데월드 가고 싶다고 했는데, 저는 X랑 4년 가까이를 만나면서 스케이트장을 딱 한 번밖에 안 가봤어요.",,negative,attention,전 연인(X)과의 과거를 회상하며 아쉬움을 표현하고 있다.
이나연,"자기는 일할 때도 맨날 스케이트를 신기 때문에 저랑 놀 때도 스케이트를 신고 싶지 않다고 말했거든요. 이렇게 서운해해서 싸우기도 했었는데, 근데 그거 듣고 저 진짜 눈물이 막 헛또 눈물..",남희두,negative,attention,남희두가 스케이트를 싫어하는 것 때문에 서운함을 느껴 눈물을 흘렸다고 언급하며 부정적인 감정을 드러냄.
이나연,질투나서요.,None,negative,emotion_polarity,질투를 느낌
이나연,"나랑은 절대 안 가더니 너무 질투나고 너무 서운하고, 사실 저는 데이트를 즐겁게 하고 왔잖아요.",남희두,negative,jealousy and resentment,"The speaker expresses jealousy and disappointment because someone else went on a date while she was excluded, despite having enjoyed her own date."
이나연,이런 감정이 드는 게 맞나 싶더라고요.,,negative,emotion_polarity,"화자는 현재 느끼는 감정에 대해 혼란스러워하고 있으며, 이는 부정적인 감정으로 해석될 수 있다."
이나연,현감이야? 문자 오늘 보냈어 언니? 문자 보냈어 근데 있을 때 보내라고 오지 않았어?,None,neutral,question,"상대방에게 문자를 보냈는지 묻고, 문자를 보낼 시점을 언급하며 확인하는 발언."
이나연,서로 보냈어.,None,neutral,relationship,서로에게 메시지를 보냈다는 진술.
이나연,추억드려요.,None,neutral,None,특별한 감정이나 의도가 드러나지 않는 평범한 발언
이나연,저한테 자랑하시더라고요.,None,neutral,none,상대방이 화자에게 자랑했다는 간접적인 언급이 있습니다.
이나연,회원님이 그리고 서로를 마주보며 그걸 확인했다고 새로운 사람을 만나서 설레고 서로에게 호감도 분명 있었을 텐데. 그 상황에서 서로를 마주보며 속마음 문자를 보내고 속마음을 확인한다? 가까워지기에는 너무나 좋은 환경이죠.,None,positive,attention,새로운 사람과의 관계에서 호감을 느끼고 가까워지는 상황에 대한 긍정적 언급
이나연,실제로는 많이 가까워진 것 같더라.,None,neutral,observation,화자는 대상 간의 관계 변화를 인지하고 관찰하고 있다.
이나연,근데 참 그 장면이 상상이 가는 거예요. 근데 저는 한 번 갔다 했잖아요. 그때가 정말 좋은 기억이었어요. 거의 저를 운전했거든요. 뒤에서 막 이렇게 태워주고 끌어주고 근데 들어보니까 그걸 그대로 해드린 것 같더라고요.,None,positive,attention,"과거 회상에서 긍정적인 감정을 드러내며, 특정 인물이 자신에게 했던 행동을 다른 사람에게 똑같이 했다는 사실을 언급하며 관심을 표현하고 있다."
이나연,뭐 우리 밖에 없고 즐겁고 스케이트 해서 로맨틱하고 재밌고 룸메이트니까 더 전 솔직히 질투를 느꼈거든요. 혜연 언니한테 그거 자체도 감정이 조금 힘들었고 감사합니다. 계속 봐야 돼.,None,mixed,jealousy and gratitude,"이나연은 혜연에 대한 질투심과 감사함을 동시에 느꼈다고 말하며, 복잡한 감정을 표현함."
이나연,근데 데이트가 너무 설лект다.,None,positive,emotion_polarity,데이트에 대한 긍정적인 감정(설렘)을 표현함.
이나연,"롯데월드 그룹은 다 불 꺼져 있었어? 응, 다 불 꺼져 있었어. 놀이기구 탔어? 놀이기구 탔어. 다 꺼져 있었어. 되게 내 로망이다, 그 야간...",None,positive,observation,롯데월드 야간 풍경에 대한 로망을 드러냄.
남희두,"잠시만요, 마음 놓고 같이 재밌는 시간 보내고 하긴 했는데, 나영이랑 했던 것들이니까, 퉁 저도 모르게 나연이가 생각나던데요.",이나연,negative,attention,남희두는 이나연과 함께 했던 즐거운 시간들이 떠올라 힘들어한다.
남희두,라연이는 그걸 제가 들고 탔었어요.,이나연,neutral,attention,이나연이 과거에 함께 탔던 경험을 언급하며 관심을 표현함.
남희두,이렇게 공중에서 뛰어서 거의 놀이기구 타듯이 엄청 재밌어 했었어요.,None,positive,observation,과거의 즐거웠던 경험을 회상하며 긍정적인 감정을 표현함.
남희두,솔직히 계속 낫긴 했어요.,None,positive,general,상대방의 상태가 나아지고 있음을 인지하고 표현하는 발언
남희두,스케이트 탔던 기억 어쩔 수 없는 것 같아요. 이거.,None,None,attention,스케이트를 탔던 과거의 기억에 대한 언급
남희두,그냥 여자랑 스케이트 단도를 좋다는 게 처음이에요.,None,positive,feeling,스케이트 데이트에 대한 긍정적인 첫인상을 표현함
이나연,아멘.,,neutral,None,"종교적인 표현으로, 특별한 감정이나 의도를 드러내지 않음."
이나연,어? 뭐야? 수시 뭐예요?,,neutral,question,수시가 무엇인지 묻는 질문
남희두,왜? 여기가 뜨거운 물이고 여기가 차가운 곳이야.,,neutral,observation,온도 차이를 설명하는 중립적인 발언
남희두,"아직 적응을 해야 될 것 같아요. 사람들 다 있었어, 가지고 거기서 또 제가 반기면 바로 걸리지 않을까요?",None,negative,불안,"새로운 환경에 적응해야 하는 것에 대한 불안감을 표현하며, 다른 사람들의 시선을 의식하고 있다."
남희두,원우 드세요. 원우 드세요.,None,Neutral,Offering,음식을 권유하는 발언
남희두,"태희님이 잘 챙겨주시던데, 기다리시던데요?",None,neutral,observation,태희가 잘 챙겨주고 기다린다는 사실을 언급하며 상대방의 반응을 살피고 있다.
남희두,어떤 정도는 있는 것 같아요.,None,neutral,ambiguous,화자는 감정을 명확히 드러내지 않고 '어떤 정도'라고 표현하여 모호하게 답변함.
이나연,약간 오해하기 좋은 그런 뭔가 포인트들이 하필 희두씨 있을 때 보이는 것 같아요.,남희두,negative,attention,남희두에 대한 오해를 언급하며 부정적인 감정을 드러냄.
이나연,그럴 수도 있죠.,None,neutral,statement,상대방의 의견에 동의하거나 수용하는 발언.
이나연,일로 와 근데 왜 쓰시 갑자기? 사와 장 볼 때 사와봐요.,남희두,neutral,relationship,"남희두에게 다가가 말을 건네며, 사와를 사다 달라고 부탁하고 있다."
이나연,"저 잔 없는데? 잠깐만 아, 내가 갖고 올게 있어요? 네.",None,neutral,statement,자신의 잔이 없음을 인지하고 가져오겠다고 말함.
이나연,아 한 병 더?,None,neutral,social,술을 더 마실지 묻는 발언.
이나연,근데 표정을 잘 못 숨기고 있어요.,None,neutral,observation,자신의 표정 관리가 어렵다는 점을 언급함.
이나연,나도 방금 들어왔거든.,,neutral,statement,방금 들어왔음을 알리는 발언
이나연,나 번호 완전 잘 기억한단 말이야. 뭐하고 있었어? 뭐하고 있었어 거기서?,None,neutral,question,"상대방의 행동에 대해 질문하며, 관심을 표현하고 있다."
남희두,안 될까요?,,neutral,question,상대방의 의사를 묻는 질문
남희두,"아, 와인 사왔는데.",None,neutral,relationship,와인을 사왔다는 사실을 알림
이나연,젤리 다 쏟았네?,None,neutral,observation,젤리를 쏟은 상황에 대한 언급
이나연,그 재미가 근데 왜 차이지?,None,neutral,question,상대방에게 '재미'의 차이를 묻는 질문
이나연,누구지? 원빈인가?,,neutral,attention,누군가를 보고 누구인지 궁금해하는 발언
이나연,아니 저는 이거 뭐야..,,neutral,none,감정을 드러내지 않는 혼잣말
이나연,그 회원님이랑 엄청 친해 보였거든요.,None,neutral,attention,다른 출연자와 친목을 언급하며 질투심을 간접적으로 드러냄.
이나연,근데 문자가 와서 그 문자를 받는 순간 감정이 너무 요동쳤어요 진짜 너무 맛있다 완성.,None,positive,None,문자를 받고 감정이 좋게 요동쳤다는 발언.
이나연,이거를 사가지고.,,neutral,unclassified,물건을 구매했음을 언급
남희두,편안하게 있을 때 너한테 대하는 게 그걸 잘해줄 수도 있고 그래주면 되잖아.,이나연,neutral,relationship,상대방에게 편안하게 대하는 방식에 대한 이야기.
이나연,어디 앉을래? 어디 앉지?,,neutral,question,좌석 위치를 묻는 질문
이나연,영상 언제 써? 네.,,neutral,unclassified,영상 편집 시점에 대한 질문에 대한 응답
이나연,다들 식사하셨어요? 형 먹었어요? 물 먹고 왔어요. 뭐 먹었어?,None,neutral,question,상대방의 식사 여부를 묻는 질문
이나연,"해방촌 아\~\~ 왜 그랬는지 모르겠는데 희도 눈치가 엄청 보였어요. 얘도 표정이 안 좋더라고 드세요, 빨리.",남희두,negative,attention,남희두의 눈치를 보며 표정이 안 좋았다고 언급하며 부정적인 감정을 드러냄.
남희두,음식 식어요.,None,neutral,statement,음식이 식는다는 정보를 전달함
이나연,저 배부러가지고.,,neutral,statement,배부르다는 상태를 표현함.
남희두,그럼 우리 먹어. 드세요.,None,neutral,일상,음식을 권유하는 평범한 발언
이나연,드세요.,,neutral,없음,상대방에게 음식을 권유하는 발언.
이나연,오늘 뭐 했어요?,,neutral,question,상대방의 하루 일과를 묻는 질문
이나연,상자 하실래요? 네. 귀여워 어?,None,positive,appearance_praise,상대방에게 귀엽다고 칭찬하는 발언
이나연,짠!,,neutral,no_context,특별한 감정이나 의도가 드러나지 않는 단순한 감탄사
이나연,뭐. 방금 B 아니요.,None,neutral,statement,방금 한 말에 대해 부정을 표현함.
남희두,강아지 오고 싶다. 강아지?,,neutral,wish,강아지를 갖고 싶다는 희망을 표현함
남희두,응.,,neutral,response,상대방의 발화에 대한 단순한 동의 또는 확인 응답.
이나연,제 강아지는 진짜 귀여운데. 너무 귀엽지 않아?,,positive,unclassified,자신의 강아지가 귀엽다고 말하며 상대방의 동의를 구하고 있다.
남희두,"아, 아기로 바뀌었네.",,neutral,observation,상황에 대한 단순한 관찰을 진술함.
이나연,왜인지 모르겠는데 이렇게 돼서 너무 귀여워. 귀엽죠?,None,positive,애정표현,대상에 대해 귀엽다는 감정을 표현하며 동의를 구하고 있다.
남희두,못생겼는데 히히 이 시각 세계였습니다.,None,neutral,appearance,외모에 대한 언급이지만 감정적 평가는 없음
이나연,저거 너무 티낸 거 아니야?,None,negative,attention,다른 출연자의 행동에 대한 불쾌감을 드러냄.
이나연,귀엽죠?,None,positive,praise,대상에 대한 긍정적 감정 표현 (귀엽다)
이나연,비숑이랑 석설이...,,neutral,animal,강아지 종류 언급
남희두,"뭐라 뭐라고? 아, 못생겼다. 진짜 귀엽지만 우리 애가 최고다. 우리 애가 제일 웃겨.",이나연,positive,칭찬,상대방을 못생겼다고 놀리지만 귀엽다고 칭찬하며 애정을 표현함. 자신의 애인이 최고라고 말함.
이나연,진짜 기절 초풍이다.,,negative,emotion_polarity,부정적인 감정을 강하게 표현함.
남희두,뭐해?,None,neutral,question,상대방의 현재 상태를 묻는 질문
남희두,네가 나라고 생각하고 내가 딱 와서 어땠어?,None,positive,attention,상대방에게 자신에 대한 첫인상을 묻는 질문
남희두,"아니, 아무리 해도 뭐 이런 사람은... 뭐 예의는 눈치 알아 뭐.",None,negative,불만,상대방의 예의 없음에 대한 불만
남희두,또 하나 가져와라.,,neutral,request,물건을 요청하는 발언
남희두,사람들 다 배쳤다고 옆에 있는 척하고 나 혼자 타고 나 기분 나쁘면 다 티내면 돼.,None,negative,불만,"혼자 남겨진 상황에 대한 불쾌감을 표현하고, 감정을 숨기지 않겠다는 의지를 드러냄."
남희두,적어도... 옆에 내가 있었는데 왜 일부러 더 나는 더 약 올리는 줄 알았어.,None,negative,불만,"상대방의 행동에 대한 불만을 표현하며, 약 올리는 듯한 행동에 대한 서운함을 드러냄."
남희두,대신 이리로 왔습니다.,None,neutral,None,특별한 감정 표현이나 관계에 대한 언급 없이 단순히 장소 이동을 알리는 발언.
남희두,정말 고마워요.,None,positive,gratitude,상대방에게 고마움을 표현하는 발언
남희두,아니.,None,neutral,response,단순한 부정 응답
남희두,내가 어떻게 알아?,None,negative,불만,상대방의 무관심에 대한 불만을 표현하는 발언
남희두,여러분 안녕하세요. 여러분 안녕하세요.,,neutral,greeting,자신을 포함한 모든 사람에게 인사하는 발언
남희두,중요한 거야.,None,neutral,None,상대방에게 어떤 내용이 중요한지 강조하는 발언
남희두,아니 안 해도 돼 내 심장도 스테인드가 많아서 아프고 응? 오늘 오랜만에 가고 있거든 보고 싶어.,None,positive,initiative,보고 싶다는 감정을 표현하며 관계를 진전시키려는 적극적인 발언
남희두,적어도 그런 거.. 내가 나 혼자만 그렇게 생각하는 거 내가 너무..,None,negative,불안,혼자만의 생각일까 봐 불안해함
이나연,아니라고.,None,negative,emotion_polarity,부정적인 감정을 드러냄.
남희두,그냥 저는 그냥 있는 제 마음을 얘기했어요. 그냥 솔직히 채팅했던 거와 너무 달랐다.,None,negative,불만,채팅과 실제 모습이 달라서 실망감을 표현함.
이나연,내가 생각하기에 채팅할 때 보고 싶다고 말해놓고 너무.. 자기를 신경 안 쓰고 아무렇지 않게 다른 남자랑 어떻게 그럴 수 있냐. 적어도 신경을 써줘야 하는 거 아니야. 잠깐만 말도 안 하니까 그게 서운했나 봐요. 여기서 제일 가깝고 믿을 게 너밖에 없는데 너는 왜 나를 존중하지 않냐.,남희두,negative,갈등,"채팅에서 보고 싶다고 말한 후 다른 남자와 있는 모습에 서운함을 느끼고, 믿을 사람이 너밖에 없는데 존중해주지 않는 것에 대한 불만을 토로함."
이나연,너무..,,neutral,none,감정이나 의도를 파악하기 어려운 짧은 발언
이나연,솔직히 제가 잘못한 건 없어요. 다 알고 나온 거고 그러기로 하고 나온 거고 새로운 사람 만나겠다고 나온 건데 마음은 그게 안 되니까 또 그 마음이 느껴지니까 아프게 한 게 너무 미안하더라고요.,None,negative,attention,"새로운 사람을 만나려고 나왔지만, 마음대로 되지 않아 상대를 아프게 한 것에 대한 미안함을 표현하고 있다."
이나연,그래도 지은씨 문자를 받으셨네요?,,neutral,attention,다른 출연자(지은)의 문자를 받았는지 확인하는 발언
이나연,인기 넘치네.,None,neutral,observation,다른 사람의 인기를 언급하는 발언.
이나연,"아, 진짜?",None,neutral,reaction,상대방의 말에 대한 단순한 되물음.
이나연,그건 진짜 포감해본 적 너무 좋은데?,None,positive,attention,포옹 경험에 대한 긍정적 감정 표현
이나연,손이 질지?,None,neutral,question,상대방의 손 상태를 묻는 질문
이나연,내가 봤을 때 첫날부터 자기 X가 없었던 사람이 있어.,,negative,attention,"첫날부터 X가 없었던 사람에 대한 언급을 통해, X에 대한 관심을 드러내고 있다."
이나연,"아니, 진짜로 하루 데이트를 하고 왔다고? 6대 월드를? 100% 아니니까 한 번에 인정?",None,negative,attention,"상대방의 주장에 대한 불신과 부정적인 감정을 드러내고 있으며, 특정 대상에 대한 의혹을 제기하고 있다."
이나연,아니야. 진짜 안 돼.,None,negative,emotion_polarity,단호하게 거절하는 부정적인 발언
이나연,네.,None,neutral,response,상대방의 질문에 대한 동의 또는 확인 응답
이나연,응? 말도 안 되는 소리야 진짜 혜연 언니 너무 너무 재밌어 보이네.,,positive,attention,혜연에 대한 긍정적 언급과 관심 표현
남희두,"뜨거워, 아무도 모르는데 나도 오늘 니나랑이 되고 감사합니다.",None,positive,기타,니나처럼 인기를 얻게 되어 기쁘다는 감정을 표현함.
남희두,괜찮을 줄 알았거든 까먹지 않을 줄 알았는데 무슨 얘기하는 거야?,None,negative,불안,자신이 괜찮을 줄 알았지만 그렇지 못했던 상황에 대한 불안감을 드러냄.
남희두,"다시 만나야겠다, 보고 싶다 라고 해서 오는 것 보다는 당연히 보기 싫은 건 아니지.",이나연,positive,attention,상대방이 다시 만나자는 제안에 대해 긍정적인 반응을 보일 것이라는 기대감을 드러냄.
남희두,"너가 갑자기 이렇게 울고 있으면 내가 피아노, 너는 아예 그냥 다른 사람을 만나려고 나온 거야? 감사합니다.",이나연,negative,갈등,"상대방의 행동에 대한 불만과 서운함을 표현하며, 상대방이 다른 사람을 만나는 것에 대한 질문을 던짐."
남희두,"너의 마음은 아니라고 해도 나는 여기서 대화도 안 해봤지, 오자마자 사운드에 눈치 보더라.",None,negative,attention,"남희두는 상대방이 자신에게 보이는 태도에 대해 부정적인 감정을 드러내며, 특히 다른 사람의 눈치를 보는 행동에 주목하고 있다."
남희두,"너무 암튼, 보슈코드가 나오고 안 나오고 감사합니다.",None,positive,gratitude,보슈코드 언급에 대한 감사 표현
남희두,떠나 마음이 정리가 잘 돼서 제가 오해했던 것들은 풀리기도 했고 저도 신경 안 쓰면서 마음 가는 대로 하려고요.,None,positive,None,"떠나 있는 동안 마음 정리가 되어 오해를 풀고, 앞으로는 신경 쓰지 않고 마음 가는 대로 하겠다는 발언."
남희두,그렇게 얘기하면서 울더라고요.,None,negative,emotion_expression,상대방이 슬퍼하며 울고 있다는 것을 언급함
남희두,모르는데도 마음 안 좋잖아.,None,negative,불안,상대방에 대한 걱정으로 마음이 안 좋다는 발언
남희두,괜히 미안해 어느.. 누가.. 아무리 헤어져서도 모습을 보는 걸 좋아하는 사람이 있을 것 같아요.,None,negative,attention,헤어진 후에도 (전 연인의) 모습을 보는 것을 좋아하는 사람이 있을 것 같다는 발언에서 미련이 느껴짐.
남희두,들어가자마자 전 정말 숨이 턱 막혔어요.,,negative,emotion_polarity,숨이 막혔다는 표현에서 답답함과 부정적인 감정이 드러남.
남희두,나연이와의 기억들로 가득 차있더라고요.,이나연,negative,attention,이나연과의 과거 회상에 대한 언급하며 아쉬움을 드러냄.
남희두,다영이가 그런 것들을 많이 저장해놨더라고요 근데 진짜 그거는 아무 생각 없이 사랑하니까 할 수 있었던 말 아닐까요?,None,neutral,attention,"과거 연애에 대한 언급으로, 저장된 메시지를 통해 당시 감정을 회상하며 발언하고 있다."
남희두,정말 처음으로 제일 많이 좋아했던 사람이고 그 좋아하는 마음을 아마 나영이 때문에 처음 깨달은 날이 아닌 그래서 저도 모르게 좋아하는 걸 넘어서서 사랑한다고 말하고 싶었던 게 아니라 그럼 발렌타인데 이때 제가 선물로 받았던 것 같아요.,이나연,positive,attention,"과거 이나연에 대한 강한 애정과 관련된 경험을 회상하며, 사랑이라는 감정을 처음으로 느끼게 해준 대상임을 언급함."
이나연,거의 교환 가기 며칠 전에 헤어진 거죠. 교환학생 가기 일주일 전이어서 친구들이랑 실천해서 술을 먹었죠. 이따가 취해가지고 희두대 신촌이고 하니까 보고 싶어서 막 불렀어요.,남희두,negative,attention,"남희두와 헤어진 후 힘든 감정을 드러내며, 술에 취해 남희두를 찾았던 과거를 회상하고 있다."
남희두,그 와중에 제가 엄청 취해서 막 차에서 자고 있고 그랬는데 저는 이제 운동이 끝나고 숙소로 가고 이제 빨리 씻고 자야 되는 상황인데 나는 취해서 그걸 뭐라고?,None,negative,불만,술 취한 자신의 모습에 대한 자책과 피로감을 표현.
남희두,"근데 맹중심에 안 부를 텐데 술 취해가지고 왜 안 오냐 근데 그런 모습이 얘가 너무 생각이 짧다는 생각이 들고 나를 배려하지 않는다는 생각도 들고 근데 어찌 됐든 가긴 갔어요. 나연이는 서운한 게 있으면 저한테 얘기하고 차라리 저한테 욕하고 그랬으면 좋겠는데, 친구들한테 제목을 또 쑥 출게임에 했던 거잖아.",이나연,negative,불만,"술 취한 이나연의 행동에 대한 불만과 서운함, 그리고 자신을 배려하지 않는다는 생각에 대한 토로"
남희두,"가자마자 그 친구가 하는 말이에요. '네가 좀 잘해야지' 이런 식으로 아무튼 걱정이 되니까 저는 피곤해도 왔는데, 그러고 있으니까 그 얘기를 또 그 친구한테 들어보니까 기분이 되게 나쁘더라고 그런 모습들이 좀 아니다 싶었어요. 그때 딱 헤어지자 그랬어요. 왜냐면 그때도 어차피 교환도 당장 다음 주면 가는 거고, 지금 마음은 이렇고, 이런 마음은 풀 시간도 없고, 너무 많이 실망을 해서 네.",None,negative,갈등,상대방의 태도에 실망하여 헤어짐을 결심함.
이나연,그래서 1도가 헤어지자 하더라고요.,,negative,attention,전 연인(X)에 대한 언급
이나연,"근데 그때는 제가 이두를 너무 좋아해서 엄청 매달렸어요. 제가. 그때 연대 북문에서 이도 기숙사 앞에서 헤어지자고 했는데, 제가 뭐.. 못 헤어지겠다고 막 울고 막 차라리 그땐 그랬잖아. 근데 그때는 진짜 힘들었어요. 뭔가 내가 좋아하는 사람을 못 보게 되는 게 처음이었고, 모든 교환 학생의 계획이 휴두에 맞춰져 있었어요. 시간표도 휴두랑 전화하기 편한 시간에 맞춰서 짰고, 히도가 없어지니까 그 히도 없는 그 계획이 너무 슬픈 거예요.",남희두,negative,attention,"과거 남희두를 좋아해서 매달렸던 경험과 이별 후 힘든 감정을 토로하며, 남희두에게 맞춰진 계획이 사라진 것에 대한 슬픔을 표현함."
이나연,"1월쯤에 한국에 다시 잠깐 왔었거든요. 오기 직전에 히두가 갑자기 연락이 왔어요. 그냥 뜬금없이 나연아 이렇게만 와가지고 그 말 한마디에 완전 흔들리는 거예요. 연락받고 싶고 전화하고 싶고, 그냥 진짜 생각이 갑자기 나고, 그냥 자.",남희두,positive,attention,"남희두에게 연락이 온 후 흔들리는 감정을 느꼈다고 언급하며, 그에 대한 그리움을 표현함."
남희두,충동없이 제가 연락을 했어요.,None,neutral,relationship,남희두가 충동적인 감정 없이 이성적으로 연락을 했다는 발언.
이나연,갑자기 집 가다가 어 뭐해 그냥 나 지금 너는 저쪽 지나가는 생각나서 걱정하고 전화하면서 나 곧 한국 가니까 보자 그냥 또 그때 자연스럽게 다시 만나게 된 것 같아요.,None,neutral,attention,"집에 가다가 상대방이 생각나서 전화했다는 내용으로, 한국에 돌아가면 다시 만나자는 제안을 하고 있다."
남희두,오랜만에 보니까 더 좋더라구요 자연스럽게 연락하다가 다시 만나자 쭉 나연이랑 뭔가 있는 것처럼 그냥 계속 다시 만났어요.,이나연,positive,attention,"오랜만에 이나연을 다시 만나서 좋았다는 감정을 표현하며, 자연스럽게 연락하고 다시 만났다는 내용을 언급함."
이나연,어떡해 저는 근데 그땐 더 좋았어요.,,negative,attention,과거에 대한 미련을 드러내며 아쉬움을 표현하고 있다.
남희두,처음에보다 훨씬 더 따뜻해졌고 좀 더 설렜고 문제점을 알아서 그 문제점 없으면 다시 잘해볼 수 있을 거라는 생각이 들어요.,None,positive,affection,과거보다 감정이 따뜻해졌고 설렘을 느낌. 문제점을 해결하면 관계를 개선할 수 있다는 희망을 표현함.
이나연,커플링을 거의 이제 3년차에 했어요. 작년 화이트데이 때 백화점에 가세요 까르띠아에 들어가더라고요.,,neutral,reminiscence,3년차 커플이었을 때 화이트데이에 까르띠에 매장에 갔던 경험을 회상하고 있다.
남희두,컴플린을 라현이가 하고 싶어 했어. 근데 저는 바로 나갔죠. 그냥 커플링 하면 뭔가 좀 버팁? 팜! 신중한 편이어서 제가 또 그랬다가 마음 먹고 하자.,None,중립,상황 설명,"라현이 커플링을 하고 싶어 했지만, 남희두는 신중한 편이라 바로 나갔다고 말함."
이나연,앞으로 우리 오래 낄 건데 좋은 거 끼워주고 싶었다고 하더라. 제꺼에는 다이어도 하나 박혀있어요. 제 거에만 박아줬어요. 비싸니까.,남희두,positive,attention,상대방에게 좋은 것을 주고 싶어하는 마음과 자신에게만 특별히 다이아를 박아줬다는 사실을 언급하며 호감을 드러냄.
이나연,진짜 넌 빨갛고 난 노랗다.,None,neutral,observation,색깔에 대한 관찰을 진술함.
남희두,어휴 정말 이별이라는 게 참.. 누구한테도 쉽지 않은 거야 이별을 완벽히 했던 게 아니었구나라고 느꼈어요.,None,negative,attention,"이별에 대한 어려움을 토로하며, 완벽한 이별이 아니었음을 자각함."
이나연,근데 그게 전 휴도가 안 할 줄 알았어요. 이미 저랑 끝났다고 생각을 하면 안 할 줄 알았거든요? 개 성격상? 근데 한다고 해서 되게 놀랬고 그래서 조금 좋았어요. 아직 나를 100% 잊은 건 아닌가?,남희두,positive,attention,"전 남친 희두가 자신과의 관계가 끝났다고 생각하면 안 할 줄 알았는데, 한다고 해서 놀랐고 좋았다는 발언. 아직 자신을 잊지 않았을까 하는 감정."
이나연,"첫 만난 남자는 아니지만, 첫사랑은 맞는 것 같아요.",None,positive,attention,첫사랑에 대한 긍정적 감정 표현
이나연,가족만큼 사랑했던 것 같아요.,None,positive,attention,화자는 누군가를 가족만큼 사랑했다고 언급하며 긍정적인 감정을 표현함.
남희두,나연이만큼 마음이 가는 사람은 없었어요. 그만큼 마음을 연 거는 처음이잖아.,이나연,positive,attention,"이나연에 대한 호감과 애정을 표현하며, 처음으로 마음을 열었음을 언급함."
이나연,"어느 순간, 그런 생각이 들었어요. 그냥 나라는 사람이 싫은가? 나를 귀여워해주는 사람이 얘 말고 세상의 천지인데, 왜 내가 사랑하는 너는 날 이렇게 싫어해? 나도 사랑받고 살아야지.",남희두,negative,갈등,"화자는 상대방이 자신을 싫어하는 것 같다고 느끼며 자존감이 낮아지고, 사랑받고 싶어한다."
이나연,이런 고기도 생겼다고 자꾸 헤어질 때는 속상하고 화도 나더라구요.,None,negative,emotion_polarity,헤어질 때 속상하고 화가 났다는 부정적인 감정을 표현함.
이나연,"그냥 희도하니까 툭툭 던지는 마음에, 제가 자꾸 발작하니까, 그러니까 자존감도 좀 낮아지더라고요. 왜냐면 안 되는 걸 자꾸 하려고 하니까, 아예 저라는 사람을 좀 안 좋게 보는 느낌이었어요.",남희두,negative,관계,남희두의 행동에 자존감이 낮아지고 자신을 안 좋게 보는 느낌을 받음.
남희두,"나연이는 나연이대로 되게 저한테 서운했던 것들이 많았구나. 근데 뭐 다들 각자의 입장 차이가 있는 거니까, 물론 나연이는 좋은 점이 더 많을 거예요.",이나연,neutral,statement,"이나연이 자신에게 서운했던 점이 많았음을 인지하고, 각자의 입장 차이를 이해하며, 이나연의 좋은 점이 더 많을 것이라고 말함."
남희두,"진짜 괜찮은 사람이고 정말 응원하는 사람이고 잘 됐으면 좋겠는 사람이고, 솔직히 저도 편해요. 그냥 신경 끄고, 그게 진짜 그 관심 받고 진심으로 얘기하고 그런 걸 좀, 좀 막 못 알아주고, 그냥 그런 것들이 저한테는 되게 제 진심을 몰라주는 느낌도 받고 어?",None,positive,positive,상대방을 괜찮은 사람이라고 생각하며 응원하고 편안함을 느낌. 하지만 자신의 진심을 몰라주는 것 같아 아쉬워함.
이나연,지금은 히도 많이 잊었어요.,남희두,negative,attention,남희두를 잊었다고 언급하며 과거 연애에 대한 감정을 드러냄.
이나연,"처음 여기 왔을 때는 좀 저를 자책할 때였던 것 같아요. 좀 재팟을 많이 했을 때였는데, 그 이후로 갑자기 내가 잘못했나? 하면서 희도가 좀 갑자기 미워질 때도 있었고, 어느 순간 희도를 내가 진짜 사랑했던 건 알겠는데, 내가 좋아했던 사람이었는데, 과연 나한테 좋은 영향을 끼치는 사람이었을까? 이런 걸 생각하게 되더라고요. 만약에 이대로 결혼을 못할 것 같으면, 빨리 다른 사람을 만나야 되지 않나? 사실 저도 제외를 위해서 나온 건 아니니까, 저는 오히려 지금 새로운 분 만나고 싶어요.",남희두,복합적,회고 및 관계 평가,"과거 연애를 자책하고 미워했지만, 사랑했던 희두가 자신에게 좋은 영향을 주었는지 의문을 느끼며 새로운 만남을 희망함."
이나연,행복하게 이제 행복한 연애를 하고 싶어요.,None,positive,emotion_polarity,행복한 연애를 하고 싶다는 긍정적인 감정을 표현함.
남희두,마음이 그렇게 좋지만은 못했어요.,None,negative,emotion,마음이 좋지 않다고 토로하며 부정적인 감정을 표현함.
남희두,영상 보는 내내 나연이가 공유석을 다른 사람 만나보고 싶다고 하더라고요.,이나연,negative,attention,이나연이 다른 사람을 만나보고 싶어한다는 정보를 전달하며 불안감을 드러냄.
남희두,근데 뭐 충분히 이해했어요.,None,neutral,understanding,상대방의 상황이나 감정을 이해하고 있음을 표현하는 발언.
남희두,그렇습니다.,,neutral,response,상대방의 말에 동의하는 긍정적인 대답.
남희두,"만날 거라고 얘기를 할 줄 몰랐는데, 근데 뭐 괜찮아요.",None,neutral,opinion,"상대방의 행동에 대한 예상치 못했다는 의견을 표현하며, 감정을 드러내지 않으려고 노력함."
남희두,괜찮습니다.,,neutral,response,상대방의 질문에 대한 동의 또는 긍정의 표현
남희두,근데 그게 맞는 건가 뭐더라고. 그냥 하려고 했어요.,None,neutral,statement,"상대방의 행동에 대한 자신의 생각을 밝히고, 자신의 의도를 설명하는 발언."
이나연,"조금 미성숙했을 때 했던 말들, '넌 원래 그런 사람이야' 네가 그래서 안 돼 이런 말들도 제가 미성숙했을 때 했던 말들이거든요. 그 말이 거기 있었다는 거는 희도가 상처받았었기 때문에 이야기한 거잖아요.",남희두,negative,attention,과거에 남희두에게 했던 미성숙한 말들이 남희두에게 상처를 줬을 것이라는 언급을 통해 남희두에 대한 미안함을 간접적으로 표현하고 있다.
이나연,"제가 상처 줬던 말들이 조금 아팠고, 제가 아이도한테 사랑 표현했었던 거 그걸 보면서 그 당시에 제 감정이 또 생각났어요. 나도 이 노래를 많이 사랑했는데, 사랑해 누나 해도 저한테 누나라고 절대 안 하거든요?",남희두,negative,attention,"자신이 남희두에게 상처를 줬던 말과 아이도에게 사랑 표현을 했던 것을 보며 과거 감정을 떠올리고, 남희두가 자신에게 누나라고 부르지 않는 것에 대해 언급하며 서운함을 드러냄."
이나연,"그 사랑의 누나가 제가 받은 카톡인데, 태어나서 처음이자 마지막으로 한 말이었어요. 애교 부리면서 사랑해 누나 했는데, 제가 누나? 이러고 캡쳐!",None,positive,attention,"자신에게 애교를 부리는 상대방에 대한 호감을 드러내며, 캡쳐까지 했다는 자랑스러운 감정을 표현함."
이나연,그건 제 추억의 물건이거든요. 히드랑이 처음 헤어졌을 때 그 유니폼을 껴안고 엄청 울었어요.,남희두,negative,attention,남희두와 처음 헤어졌을 때의 힘든 기억을 떠올리며 슬픔을 표현하고 있다.
이나연,거기서 히도 냄새가 되어있어서 아직 뒤떨어요.,남희두,negative,attention,"남희두에 대한 부정적인 감정을 드러내고 있으며, 과거의 관계에서 벗어나지 못하고 있음을 암시합니다."
남희두,"제가 아카라카라고, 저희 학교 축제가 있는데, 저희 학교 팀 유니폼이 너무 귀했어요. 저희는 다들 갖고 싶어서 그거를 제가 선물로 줬었죠.",None,positive,event_description,"자신의 학교 축제와 관련된 긍정적인 경험을 이야기하며, 팀 유니폼을 선물로 준 것에 대한 만족감을 표현하고 있다."
이나연,"제 키링 지금 쓰고 있는 키링. 제 차를 재작년에 한번 바꿨는데, 그때 맞춰서 크리스마스 선물로 받은 거란 말이에요.",None,neutral,object_description,"자신의 키링에 대한 설명을 하고 있으며, 키링을 받게 된 계기를 설명하고 있다."
이나연,"근데 마침 제 차 케이스가 그냥 핑크색이었는데, 그건 아무 생각 없이 샀는데, 핑크색 키링을 갖고 와서 너무 마음에 들어해서, 희두가 준 거 중에 가장 만족합니다. 그리고 댄스 있었어요. 딱 차 바꾼 날, 커플링이 이렇게 두 개가 모여있는데, 그게 좀 슬픈 거예요.",남희두,positive,attention,"남희두가 준 핑크색 키링에 대한 만족감을 표현하며, 커플링을 보고 슬픔을 느낌."
이나연,"기분이 이상했어요. 저한테 커플링이 좀 의미가 남달라서, 저희는 사실 그거를 결혼 반지라고 생각했어요. 그냥 결혼할 줄 알았고, 또 워낙 오랜 기간 만나다가 맞춘 거기 때문에, 앞으로 그냥 이 반지로 평생 끼고 다녔어요.",남희두,negative,attention,커플링에 대한 의미를 설명하며 이별에 대한 슬픔을 간접적으로 드러냄.
이나연,"처음 헤어지고는 사실 끼고 다녔어요. 그냥 너무 어색하기도 하고, 한 달은 끼고 다녔던 것 같아요. 근데 어느 순간 그걸 끼고 있는 제 자신이 웃기더라고요.",None,negative,attention,"헤어진 후 반지를 끼고 다녔지만, 어느 순간 자신의 모습이 웃기다고 느낌."
이나연,"작년? 발렌타인 때, 제가 히또한테 처음으로 만들어줬어요. 태어나서 그냥 그런 걸 전 처음 만들어봤거든요. 하나도 안 먹었더라고요. 그래서 보면서 뭐야, 이거 왜 하나도 안 먹고 아껴놨어?",남희두,negative,attention,"이나연은 과거 발렌타인데이에 남희두에게 처음으로 직접 만든 초콜릿을 줬지만, 남희두가 먹지 않은 것에 대해 서운함을 느꼈다."
남희두,"먹기 좀 아까워가지고, 먹는 것보다는 받는 데에 의미를 뒀기 때문에 포장하고 있었던 것 같아요.",None,negative,상황설명,선물받은 음식을 포장한 이유를 설명하며 아까운 감정을 드러냄.
이나연,한 번도 안 먹었냐?,None,neutral,question,음식 섭취 여부를 묻는 질문
이나연,아..,,neutral,no_category,"단순한 감탄사로, 특별한 감정이나 의도를 내포하지 않음."
이나연,맞네.,None,neutral,agreement,상대방의 말에 동의하는 발언.
이나연,이거 진짜 오래된다.,,neutral,none,"오래된 물건에 대한 언급으로, 특정 인물이나 감정을 드러내지 않음."
이나연,"다 썼어, 왜 안 버렸지?",None,negative,attention,미련이 남은 듯한 발언
이나연,"그리고 향수, 아, 향수는 또 야무지게 썼더라고요. 한 방울도 안 남긴 거 보고 되게 뿌듯했어요. 근데 그걸 왜 안 버렸을까요?",남희두,positive,attention,남희두가 향수를 남기지 않고 다 쓴 것에 대해 뿌듯함을 느낌. 향수를 버리지 않은 이유에 대해 궁금해함.
이나연,그것도 생각하게 되더라구요.,None,neutral,None,"상대방에 대한 감정이나 관계에 대한 생각을 드러내는 발언으로, 특정 대상이나 감정이 명확하지 않아 중립적인 표현으로 분류됨."
이나연,고마워 잘 지내가 그렇게 슬프죠.,None,negative,emotion_polarity,고맙지만 슬픔을 느끼고 있음
이나연,다 추억을 다 돌아보고 고마워 잘 지내려 보는데 끝난 느낌이었어요.,,negative,attention,"추억을 되돌아보며 고마움을 느꼈지만, 관계가 끝났음을 인지하고 있습니다."
이나연,어. 이 추억이 끝이구나 그런 느낌.,None,negative,attention,추억이 끝나는 것에 대한 아쉬움과 슬픔을 표현하는 발언
이나연,근데 그게 저는 휴두가 안 할 줄 알았어요. 이미 저랑 끝났다고 생각을 하면 안 할 줄 알았거든요? 개 성격상? 근데 한다고 해서 되게 놀랬고 그래서 조금 뿌! 좋았어요. 아직 나를 100% 잊은 건 아닌가?,남희두,positive,attention,"남희두가 자신과의 관계가 끝났다고 생각하면 다른 이성에게 호감을 표시하지 않을 줄 알았는데, 데이트 상대로 선택한 것에 놀랐고 좋았다는 발언. 아직 자신을 잊지 않았을까 하는 기대감을 드러냄."
남희두,전 처음 연락한 서버에서 감사합니다. 왜 연락이 왔지?,None,neutral,question,처음 연락한 서버에서 연락 온 이유에 대한 질문
남희두,뭐지? 싶었죠.,None,negative,불안,상대방의 행동에 대한 혼란스러움과 부정적인 감정을 표현함.
남희두,황당 그땐 별로 그렇게 감정이 참아서..,None,negative,emotion_polarity,과거 감정에 대한 회상에서 황당함이 느껴짐.
남희두,나연이만큼 마음에 가는 사람은 없었어요. 그만큼 마음을 연 거는 처음이잖아.,이나연,positive,attention,"이나연에 대한 호감과 애정을 표현하며, 처음으로 마음을 열었다고 언급함."
이나연,어느 순간 그런 생각이 들었어요. 그냥 나라는 사람이 싫은가?,None,negative,emotion_polarity,자신에 대한 부정적인 감정을 드러냄.
남희두,제가 잔소리를 좀 많이 하는 편입니다. 근데 저는 그게 도움이 되라고 저는 위한다고 생각하고 얘기하는 건데 우린 그냥 그런 사람이야.,None,negative,general,"자신이 잔소리를 많이 하는 편이며, 그것이 상대를 위한 행동이라고 생각하지만, 상대방은 그렇게 받아들이지 않는다는 내용."
남희두,나 크롬 말려 저랑 진짜 성격이 비슷하고 저랑 성향이 비슷했으면 진짜 싸울 일이 없지 않았을까?,None,negative,attention,"크롬과의 관계에 대한 아쉬움을 드러내며, 성격과 성향의 유사성이 갈등을 줄일 수 있었을 것이라는 가정을 함."
이나연,아예 저라는 사람을 좀 안 좋게 보는 느낌이었어요. 너는 나라는 사람이 있는 그대로 좋아질 수 없냐?,None,negative,갈등,"화자는 상대방이 자신을 안 좋게 보는 것 같다고 느끼며, 있는 그대로의 자신을 좋아해 줄 수 없는지에 대한 불만을 표현하고 있다."
남희두,"되게 서로 감정이 너무 상하고 더 이상 난 노력하고 싶지 않다라는 걸 들었어요. 근데 이거는 확실했어요, 더 이상 반복하고 싶지 않다.",None,negative,갈등,상대방과의 감정 소모에 지쳐 더 이상 노력을 반복하고 싶지 않다는 감정을 표현함.
남희두,"완전 100% 정리가 안 된다고 생각하니까 헤어지는 게 되면 깔끔하게 헤어지고 뭐 이런 기회가 왔으니까 다른 사람들 만나보고, 저는 충분히 많은 분을 열고 싶어요.",None,neutral,relationship,"남희두는 완전히 정리되지 않은 상태로 헤어지는 것을 원치 않으며, 다른 사람들을 만나볼 기회를 열어두고 싶어한다."
남희두,조언하고 싶지 않은데 감사합니다. 배달 온 거... 겪어본 사람이죠.,None,negative,갈등,배달 사건에 대한 불쾌감과 과거 경험에 대한 언급
이나연,네가 알아 봐라 ㅎㅎㅎ 빵 터졌어요. 너무 히도답다.,남희두,positive,attention,"남희두의 행동이 재미있고 웃기다는 감정을 표현하며, '히도답다'라는 언급을 통해 남희두에게 초점을 맞추고 있다."
이나연,싫은데 네가 겪어봐라. 되게 귀여웠어요 히도답고 응?,남희두,positive,attention,남희두에 대해 귀엽다고 언급하며 호감을 표현함.
이나연,이러고 히들을 만난다고?,남희두,negative,attention,남희두를 만나는 것에 대한 부정적인 감정을 드러냄
이나연,진짜 무서웠어요 엄청 울까봐. 제가 무서웠지만 기대돼서 빨리 가고 싶었어요.,None,복합적,감정 표현,화자는 무서움과 기대를 동시에 느끼며 복합적인 감정을 표현하고 있다.
이나연,영상 보고 어땠어?,None,neutral,question,상대방에게 영상 시청 후의 감상에 대해 질문하는 발화
남희두,너무..,None,None,None,"남희두의 짧은 발언으로 감정, 발화 유형을 판단하기 어려움"
이나연,응.,None,neutral,response,상대방의 말에 동의하거나 긍정하는 짧은 대답.
남희두,빨리 다른 사람 만나고 싶다던데?,None,negative,attention,질투 또는 불안감을 드러내는 발언
이나연,내가 그거 얘기할 줄 알았어. 어허 나도 내가 그 얘기 했는지 몰랐어.,None,중립,일반 대화,자신이 특정 이야기를 할 것을 예상했다는 내용의 발언.
남희두,너의 속마음이 나온 거지.,None,neutral,observation,상대방의 감정을 추측하는 발언
이나연,근데 그런 마음으로 나온 건 맞아 아롱 응.,None,neutral,none,상대방의 출연 계기를 확인하는 질문.
남희두,뭐라 하는 건 아니야.,None,neutral,statement,상대방의 말을 부정적으로 받아들이지 않겠다는 의사 표현.
이나연,난 웃겼어.,None,positive,emotion_polarity,화자가 긍정적인 감정을 드러냄.
이나연,해주기 싫은데?,None,negative,emotion_polarity,부정적인 감정이 드러나는 발언
이나연,만나면서 깨달아라.,,neutral,advice,만나면서 서로를 알아가라는 조언
남희두,네가 알아?,None,neutral,question,상대방의 인지 능력에 대한 질문
이나연,"응, 너무 웃겼어.",,positive,emotion_polarity,웃겼다는 긍정적 감정 표현
남희두,아 근데 그 맞는 말 아니야?,None,neutral,statement,상대방의 말이 맞는지에 대한 질문
이나연,그건 맞지? 그래서 나도 말해주지 말걸 했지 속으로 근데 나는 솔직히 말하면 엑스룸에서 너무 울 것 같아서 하루 종일 마음의 준비를 해놨어 효과가 있었어?,,negative,attention,엑스룸에 대한 불안감과 슬픔을 느낌. 전 연인(X)에 대한 간접적 언급이 있음.
남희두,그래?,,neutral,response,상대방의 말에 대한 단순한 동의 또는 확인 응답
이나연,감사합니다.,None,positive,gratitude,감사 인사를 표현함.
남희두,나는 올 일 없다고 생각해서 준비를 안 했는데 시청해주셔서 감사합니다. 봐가지고 오열을 했어.,None,negative,emotion_expression,자신이 출연한 방송을 보고 오열했다는 감정 표현
이나연,너 왜 이랬어?,None,negative,갈등,상대방의 행동에 대한 불만을 표현하는 발언
남희두,눈물이 막 나 너무 안 올리려고 했는데 감사합니다. 컴온 그러던데?,None,negative,emotion_polarity,"눈물이 난다는 감정적인 표현과 '감사합니다'라는 표현이 혼재되어 있어, 복합적인 감정을 나타내는 발언으로 보입니다."
남희두,왜 울어 또?,None,negative,눈물,상대방이 우는 것에 대해 질문하며 감정을 드러냄.
이나연,어?,None,neutral,reaction,상대방의 말에 대한 단순 반응
이나연,야 그런 말.. 금지! 금지! 금지! 하지마.,None,negative,command,상대방의 특정 발언에 대해 불쾌감을 표현하며 중단을 요구함.
이나연,"야, 우냐? 이러고 하지 마.",None,negative,갈등,상대방의 행동에 대한 불쾌감을 표현하며 갈등을 유발하는 발언.
이나연,근데 오늘 엑스룸 갔다 오고 나서 마음은 어때?,None,neutral,attention,엑스룸 방문 후의 심경을 묻는 질문
남희두,마음 아프지 왜 아픈데?,None,negative,emotion,상대방의 아픔에 대한 질문
남희두,"다 지나고 보면 서로 잘못을 잘 알고, 잘못도 다 알게 되고 그러는데, 그걸 이미 극복하고 그랬으면 여기가 없겠지? 우리가?",None,negative,갈등,과거의 잘못을 극복하지 못했음을 자각하며 관계에 대한 회의감을 드러냄.
이나연,"희두랑, 저는 사실 잘 맞던 커플은 아니에요. 약간 안 맞는 걸 사랑으로 극복한 느낌이라, 제가 봤을 땐 희도도 저 아직 사랑하는 마음이 남아 있을 거예요. 근데 왜 우린 안 될까?",남희두,negative,attention,"이나연은 남희두와 잘 맞지 않았지만 사랑으로 극복했다고 말하며, 남희두에게 아직 사랑이 남아있을 것이라고 추측하며 안타까워한다."
이나연,항상 왜 안 되지? 사랑하는데?,,negative,갈등,사랑하지만 관계가 잘 풀리지 않는 것에 대한 답답함과 괴로움을 토로함.
이나연,답답하네요.,None,negative,emotion_polarity,화자는 답답함을 느낀다고 표현하며 부정적인 감정을 드러냄.
남희두,"X 대화했잖아, 나에 대한 얘기할 때 말 다 해줬어?",None,negative,attention,전 연인과의 대화에서 자신에 대한 이야기가 충분히 전달되었는지 확인하려는 질문
남희두,오히려 좋았다는데? 너랑 얘기하고 좋은 얘기만 해줬어.,이나연,positive,호감,상대방과의 대화에 대한 긍정적인 감정 표현
남희두,무슨 무슨 얘기하겠어?,None,neutral,question,상대방과 어떤 이야기를 나눌지 묻는 질문
이나연,뭐..,None,neutral,none,무감정적인 반응
이나연,"기본적인 너의 취향들, 너한테 마음이 있는지 뭐라는데?",남희두,None,None,남희두가 자신의 취향이나 마음을 묻는 것에 대한 언급
이나연,마음이 나고 있다고 했어.,남희두,positive,attention,호감을 표현함
남희두,무슨 말임?,,neutral,question,상대방의 발언에 대한 이해를 묻는 질문
이나연,너한테 미련 있냐고 없진 않지 솔직히 없는 것 같던데? 나?,None,mixed,attention,"자신에게 미련이 있는지 묻는 질문에 솔직히 없지는 않다고 답하며, 상대방에게는 미련이 없는 것 같다고 언급함."
남희두,나?,None,neutral,self_reference,자신을 지칭하는 질문
이나연,그래? 어떻게 없어?,None,negative,불안,상황에 대한 부정적인 반응을 보이고 있다.
이나연,"아니 다른 사람 만나고 싶다고 했으니까 그것도 맞아 알아가는 단계인데, 그 알아가는 단계 응.",None,neutral,statement,다른 사람을 알아가는 단계에 있다는 발언.
남희두,잘 맞나던데 응? 잘 맞나던데?,None,neutral,relationship,상대방과의 관계에 대한 질문
이나연,너도.,None,positive,initiative,상대방에게 호감을 표현하며 대화를 시작하려는 발언.
남희두,응.,,neutral,response,상대방의 발화에 대한 단순한 동의 또는 확인 응답.
이나연,기분 나쁘냐?,None,negative,emotion_polarity,"상대방의 감정을 묻는 질문으로, 부정적인 감정을 내포할 수 있음"
남희두,응?,,neutral,response,상대방의 발언에 대한 단순 반응
이나연,난 답.,None,neutral,statement,자기소개
남희두,난 난 난.. 나쁜 것보다 아 난 들어볼 때 솔직히 말하면 괜찮은 줄 알았어 엄청 나도 견딜 수 있을 줄 알았어 다 알고 오는 거니까 이미 예당하고? 네.,None,negative,불안,상대가 나쁜 사람인 것보다 더 힘든 상황에 대한 불안감을 표현함.
남희두,와.. 앞에서 눈으로 보니까 묶여있는게 있는거야 처음에는 솔직히 괜찮았어요 첫날까지만 해도 외식한 날 그날 좀 본 것 같다 나도 엄청 질투가 갔거든 근데 나는 그 와중에 플러스 너가 너무 일부러 그랬어 맞아.,이나연,negative,갈등,질투심과 상대방에 대한 불쾌감을 드러내고 있다.
남희두,그냥 안 해도 되는 행동들을 하더라고요 옆에서 맞아 내가 유치하게 굴었지.,None,negative,불만,"상대방의 행동에 대한 불만을 표현하며, 자신의 유치한 행동을 인정함."
이나연,더 다른 사람이랑 잘 지내는 게 나 유치했지.,None,negative,attention,질투심을 드러내며 자책하는 발언
이나연,다른 사람이랑 괜히 더 말 많이 하고 그렇지? 나 여기서 엄청 적응 잘했다고 괜히 너한테 텃세 부리고 그니까!,남희두,negative,갈등,자신이 남들에게 텃세를 부리는 것 같다고 말하며 불편한 감정을 드러냄.
남희두,누나인 척 하던데?,None,negative,불만,상대방의 행동에 대한 불만을 표현함.
이나연,누나긴 해 내가 야 자꾸 나한테 야라 하지마. 너 거기서 야라고는 안 했어. 야라고 했어. 너 이러잖아. 그래서 자기도 당황해서 아. 왜 이렇게 동생 같지?,남희두,negative,attention,"남희두가 자신에게 '야'라고 부르는 것에 대한 불쾌감을 표현하며, 남희두의 행동에 대한 지적과 당황스러움을 언급함."
남희두,막 혼잣말하고 여러분 드신대요. 박수!,None,neutral,celebratory,혼잣말 후 다른 사람의 식사를 축하하는 발언.
이나연,집중! 집중! 집중! 마신 김에 임페리얼 한 번 봐.,,neutral,instruction,임페리얼을 보라고 지시함.
남희두,왜 끊으세요?,None,negative,불만,"상대방에게 통화를 끊는 이유를 묻는 질문으로, 불만을 표현하고 있다."
이나연,어린 놈의 자식이오?,None,negative,불만,상대방에 대한 불만을 표현하는 발언
남희두,미안.,None,negative,apology,미안하다고 사과하는 발언
이나연,맞아.,None,neutral,response,상대방의 말에 동의하는 긍정적인 반응
남희두,근데 다들 내 엑스가 너라고 생각 못 해. 어..,이나연,중립,attention,다른 사람들은 나의 전 연인이 너라고 생각하지 못한다는 발언.
이나연,누구를 생각해 그럼?,None,neutral,question,상대방에게 생각하는 대상이 있는지 묻는 질문
남희두,다 다른 사람이라고 생각하는데? 그래도 난 또 재밌어.,None,positive,feeling,출연진의 행동에 대한 재미를 느낌.
이나연,근데 나도 너 오기 전까지 사람들이 나한테 내 엑소 확신한대.,,중립,전 연인 관련 언급,자신이 엑스와 재회할 것이라는 주변의 추측을 언급함.
이나연,무조건 이 사람이래.,None,neutral,assertion,특정 인물을 지칭하는 발언
이나연,내가.. 당황한 척 했지.,None,None,None,자신이 당황한 척 연기했음을 언급함.
이나연,아 노래 아니야!,,neutral,statement,노래가 아님을 강조함
이나연,일부러 더 당황한 척 했지?,None,negative,attention,상대방의 행동에 대한 의심을 드러내는 발언
남희두,어제 데이트 하는데도 어제는 지현이랑 데이트 했거든.,None,중립,상황설명,어제 데이트 상대로 이지현이 있었음을 언급함.
남희두,채연이가 넌지는 모르는 것 같더라. 딱 누구 같아요라고.,None,neutral,observation,채연이 특정 인물에 대해 묻는 상황을 언급함.
이나연,채연 언니라고 생각하다.,,neutral,attention,채연을 언급함.
남희두,"둘이 같이 들어가서 뭔가 느낌이, 내 느낌이 나 생각도 그래.",None,neutral,observation,두 사람이 함께 들어가는 모습에 대한 주관적인 느낌을 표현함.
남희두,아 어제 내가 데이트를 했잖아. 네.,None,neutral,event,어제 데이트를 했다는 사실을 언급함.
남희두,지현이가 22살이다 보니까 나 솔직히 편견을 갖고 좀 그냥 동생이라고 생각하고 좀 대했거든.,None,negative,attention,지현을 어리게 보고 동생처럼 대한 것에 대한 언급
이나연,응.,None,neutral,response,상대방의 말에 동의하거나 긍정하는 짧은 대답.
남희두,근데 생각보다 뭐..,None,neutral,none,상대방에 대한 평가를 시작하려다 중단한 발언
남희두,생각이 깊더라.,None,neutral,observation,상대방에 대한 관찰 내용을 진술함.
남희두,시청해주셔서 감사합니다. 대화하고 그러다 보니까 좋았어?,None,positive,관계 형성,상대방에게 긍정적인 감정을 표현하며 관계를 확인하려는 발언
남희두,비꼬는 게 아니라 진심으로 솔직히 안 괜찮은 줄 알았어.,None,negative,갈등,"상대방의 상태에 대한 걱정을 표현하며, 좋지 않게 생각했음을 언급하는 발언"
남희두,그냥 해도 별로였을 줄 알았어.,None,negative,불만,상대방의 행동에 대한 불만이나 부정적인 예상
이나연,근데 좋았어?,None,positive,emotion_polarity,상대방의 상태나 감정에 대한 긍정적인 질문
남희두,근데 의외였어. 감사합니다.,None,positive,gratitude,상대방에게 고마움을 표현하는 발언
남희두,아무렇지도 않을 줄 알았는데 그랬어서 만약에 밖에서 그냥 사정에 봤으면 더 편하게 만날 수 있어 있을 것 같은 사람이었어.,None,negative,attention,전 연인에 대한 미련이 남아있음을 간접적으로 드러냄.
이나연,편하게 마음을 열고 어...,,neutral,None,화자가 편안한 분위기를 조성하려 노력하는 발언
남희두,여기서 만나는 것보다 밖에서 만나는 게 더 좋았을 것 같다는 생각이 들었지.,None,negative,불만,밖에서 만나는 것이 더 좋을 것 같다는 생각에 대한 발언
이나연,만나봐.,None,neutral,initiative,상대방에게 만남을 제안하는 발언.
이나연,행복하게 잘 만나 뭐? 행복하게 지내야지 잘 만나고 새로운 사람들 만나야지 말. 똑바로 해 왜 무슨 행복하게 만났는데 뭐야 말 그대로지 눈치 보지 말고 하던 대로 하라고 자존감이야?,None,negative,갈등,"상대방의 어눌한 표현에 불만을 느끼며 똑바로 말하라고 지적하고, 눈치 보지 말고 하던 대로 하라고 말하며 자존감 문제를 언급함."
이나연,약간 다른 사람을 품은 게 느껴졌어요.,None,negative,attention,상대방에게 다른 사람을 품은 것 같다고 느끼는 감정을 표현함.
이나연,좀 실감이 안 났어요 사실 희도 마음에 다른 여자가 들어간 걸 본 적이 없으니까 에휴. 이 자식 근데 휘뚜가 원래 어린 사람 안 좋아하는데 지현이는 성숙한가 봐요.,남희두,negative,attention,"남희두의 마음에 다른 여자가 들어간 것에 대한 충격과 질투, 그리고 남희두의 취향 변화에 대한 언급"
이나연,그래서 좀 슬펐어요.,None,negative,emotion_polarity,화자는 슬픔을 느꼈다고 표현함.
이나연,지현이가 부럽기도 하고 어떤 삶을 살았기에 저렇게 성숙한가 감사합니다.,,positive,gratitude,지현의 성숙함에 대한 부러움과 감사.
이나연,응원할게.,None,positive,support,상대방을 응원하는 발언
남희두,진심으로는 아니고 말로만 ㅎㅎㅎ 아니 근데 너도 뭐 데이트하고 잘 하더만 근데 나 좋아. 어! 그게 좋으니까 계속 문자도 잘 하는 것 같던데 보니까 나 좋아.,이나연,positive,attention,"남희두가 이나연에게 호감을 표현하며, 이나연이 자신을 좋아하는 것 같다고 말함."
이나연,근데 새로운 사람 만나서 엄청 설레고 좋았어.,None,positive,emotion_positive,새로운 사람을 만나 설레고 좋았다는 긍정적 감정 표현
남희두,아 설лект어?,None,negative,불만,상대방의 태도에 대한 불만을 표현함.
이나연,설лект어 진짜 설레 수밖에 없는 환경이었어 누군지는 모르니까 좋은 사람이었고 그래서 설лект인데 너 생각도 엄청 많이 났지?,None,positive,attention,"상대방에 대한 호감을 표현하며, 동시에 '너'에 대한 생각도 많이 났음을 언급하고 있다."
남희두,음.,None,neutral,response,남희두의 단답형 응답.
남희두,난 너가 완전 신경 안 쓰는 줄 알았지?,이나연,negative,attention,상대방이 자신을 신경 쓰지 않는다고 생각했던 것에 대한 서운함을 드러냄.
이나연,진짜 마음에 들어 하는구나 라고 생각했는데 알아보고 싶은 마음은 있었지 근데..,None,neutral,attention,상대방에 대해 알아보고 싶은 마음이 있었다고 언급함.
이나연,일주일이랑 4년이랑 비교가 되냐?,None,negative,불만,상대방의 비교에 대한 불만을 표현하는 발언.
이나연,내가 지금 마음 가는 사람이 있긴 하거든? 하거든?,None,neutral,confession,현재 마음이 가는 사람이 있음을 간접적으로 언급함.
남희두,네.,,neutral,response,상대방의 발화에 대한 단순 응답
이나연,근데 너한테 마음도 커 갑자기 아니야?,None,positive,attention,상대방에 대한 호감이 커지고 있음을 표현하는 발언
이나연,"데이트할 때 설렘이랑 질투 중에 질투가 더 커, 미칠 것 같아.",None,negative,emotion_polarity,질투라는 부정적인 감정을 강하게 드러내고 있다.
남희두,"그걸 동시에 느끼니까 그 정도로 그래도 마음에 들긴 하나, 보다 신기하네.",None,positive,attention,상대방에 대한 호감을 표현하며 신기함을 느낌.
남희두,왜 울어? 왜 울어?,None,negative,attention,상대방의 울음에 대한 걱정 또는 안타까움을 표현하는 발언
이나연,솔직히 여기 와서 내 자신이 싫어.,None,negative,emotion_polarity,자신에 대한 부정적인 감정을 표현함.
남희두,너 자신 있었다고?,None,neutral,question,자신감에 대한 질문
이나연,"솔직히 데이트 나도 하고 안 오고, 질투하는 내 모습이 싫고, 응원해주겠다고 해놓고 질투하는 게 너무 짜증나.",남희두,negative,불만,상대방의 행동에 대한 불만과 질투하는 자신에 대한 짜증을 표현함.
이나연,"근데 엄청 질투나, 엄청.",None,negative,attention,화자는 질투를 느낀다고 직접적으로 표현함.
남희두,그럼 뭐지? 감사합니다.,None,positive,gratitude,감사 인사를 표현함.
남희두,질투가 난대요.,None,negative,attention,질투라는 부정적 감정을 드러냄.
남희두,저는 제가 느끼기에는 재밌게 놀고 당연히 만나러 왔으니까 뭔데? 갑자기 미련이 있다.,None,negative,attention,상대방이 자신에게 미련이 있다고 갑자기 말하는 것에 대한 당황스러움과 불쾌감을 드러냄.
이나연,"그래서 저는 사실 혼란스러워, 혼란스럽고 멋있지 않았어요, 속상하다고 말했어야 질투 난다고 근데 희선이는 몰랐더라고요. 질투 나는 줄 몰랐대요. 제가 너무 다른 분이랑 잘 지내니까.",None,negative,attention,"이나연은 혼란스럽고 속상한 감정을 느끼며, 다른 사람과 잘 지내는 모습 때문에 질투를 유발했다는 사실을 희선이 몰랐다는 것에 대해 이야기하고 있다."
이나연,근데 저도 어떻게 마냥 잘 지내요. 잘 지내는 척 하는 거지.,None,negative,self_disclosure,화자는 겉으로는 잘 지내는 척하지만 실제로는 그렇지 않다고 고백하며 힘든 감정을 드러내고 있다.
남희두,그 사람 왜.. 설레고 좋았어 누군지 모르겠지만 봐야 되나?,None,positive,attention,누군가에게 설렘과 호감을 느껴 그 대상을 확인하고 싶어함.
남희두,말하기 싫으면 말 안 해도 되지 따뜻해 음.,None,neutral,comfort,상대방의 의사를 존중하며 따뜻함을 표현하는 발언
남희두,여보다?,None,neutral,question,상대방에게 본인인지 확인하는 질문
이나연,"결이 달라. 오옹, 너는 속이 알고 볼수록 따뜻한 사람이고, 그 사람은 대놓고 따뜻하고 음.",남희두,positive,mention_other,남희두에 대해 '속이 따뜻한 사람'이라고 칭찬하며 호감을 표현하고 있다.
이나연,"근데 진짜 좀 혼란스러워, 뭐가 흘렀더라? 너랑 같이 있으니까 그 사람이랑 같이 있으니까 내가 그냥 같은 집에 있으니까 감정이 혼란스럽다고 데이트하고 와서 즐거운데, 널 보고 질투가 나나 응원해줄 마음은 없었어?",남희두,negative,emotion_polarity,"혼란스러운 감정과 질투심을 표현하며, 복잡한 심경을 드러냄."
이나연,100% 응원은 못하겠는데?,None,negative,불안,100% 응원은 못하겠다고 말하며 불안감을 드러냄.
남희두,행복했으면 좋겠다며?,None,neutral,question,상대방에게 행복을 바라는 마음이 있는지 확인하는 질문
이나연,행복했으면 좋겠는데?,None,positive,emotion_polarity,상대방의 행복을 바라는 감정을 표현함.
남희두,그게 행복할 것 같지 않아?,None,positive,emotion_polarity,상대방의 행복을 기대하는 긍정적 발언
이나연,어떻게 돼?,,neutral,none,상황에 대한 질문
이나연,그래도 내 옆에 있는 게 제일 행복할 거야.,None,positive,emotion_polarity,자신의 옆에 있는 것이 상대방에게 가장 큰 행복을 줄 것이라는 긍정적 감정 표현
이나연,너가 마음에 가는 사람?,None,positive,attention,호감을 표현하는 질문
이나연,그 사람을 향한 마음이 어느 정도 말해야 돼?,None,불안,관계,상대방에게 마음을 어느 정도 표현해야 할지 고민하는 발언
남희두,나는 좀 마음 연 상태로 지내봐야 알 것 같아.,None,neutral,relationship,마음을 열고 지내봐야 알 것 같다는 발언
남희두,왜 또 울어?,None,negative,attention,상대방이 우는 것에 대한 언급을 통해 부정적인 감정을 드러냄.
이나연,쉬고 있어. 좀 울고 올게. 아니야 여기서 좀 울고 올게 사실.,None,negative,emotion_expression,이나연이 슬픔을 느껴 눈물을 흘리려 함.
남희두,너가 울면 나 아무것도 못해.,None,negative,관계,상대방의 감정에 대한 취약성을 드러내며 공감 능력을 어필하는 발언.
이나연,안녕.,,neutral,greeting,평범한 인사말
남희두,너 울면 반칙이야. 긴장.,None,negative,갈등,상대방이 울면 안 된다고 말하며 긴장감을 드러냄.
남희두,"심지어 너가 우는 거면 나 때문에 우는 건데, 내가 울리는 거잖아.",None,negative,상처/갈등,상대방이 우는 이유가 자신 때문이라는 자책과 미안함이 드러나는 발언
이나연,안 올리면 되지 않나?,None,negative,불만,상황에 대한 불만을 표현하는 발언
이나연,그럼 좋은디!,None,positive,emotion_polarity,상대방의 의견에 동의하며 긍정적인 감정을 표현함.
이나연,"엑스룸도 다녀오고, 대화도 하고, 제 마음을 스스로 많이 확인했어요. 확실한 미련이 있다. 난 이도가 아니면 아직 안 될 것 같다는 생각이 들었어요. 사실 솔직히 너무 만나고 싶어요.",남희두,positive,attention,"전 연인(X)에 대한 미련과 그리움을 표현하며, 재회에 대한 강한 의지를 드러냄."
이나연,"근데 그러면 안 될 것 같고, 가.. 오.. 반복하지 않고 싶고, 이렇게까지 했는데 만났다가 헤어지면 다음은 어떡하지? 그리고 서로가 너무 잘 알아요. 우리가 안 된다는 것.",남희두,negative,attention,"재회에 대한 불안감과 관계의 어려움을 토로하며, 관계가 잘못될 경우에 대한 걱정을 표현하고 있다."
남희두,바람 좀 쐬면 안 돼요?,None,neutral,relationship,남희두가 상대방에게 바람을 쐬러 가도 되는지 묻는 발언
남희두,얼굴 보고 막 못하겠어요. 능동하게 얼굴 보는 게 힘들어요.,None,negative,difficulty,얼굴을 직접 보고 이야기하는 것에 어려움을 느낌.
