group_name,video_id,title,view_count,like_count,comment_count,positive_ratio,negative_ratio,neutral_ratio,published_at
희두_나연,o5RUW03r3F8,싸우고 뽀뽀하고 싸우고 뽀뽀하고 싸우고 뽀뽀하고 싸우고 뽀뽀하고 싸우고 뽀뽀하고 싸우고 뽀뽀하고 싸우고 뽀뽀하고 싸우고 뽀뽀하고... #희두나연,4279468,86662,462,0.8,0.0,0.2,2022-10-29T08:46:29Z
희두_나연,2hdQZO6M99I,[환승연애2] 희두 나연 지연 담요 차이...,3716987,0,390,0.25,0.5,0.25,2022-10-23T18:03:01Z
희두_나연,Q3GfSmB1WCs,1️⃣ 청춘 드라마 그 자체! 과몰입 서사의 장본인들 모셨습니다💜 | 이나연 X 남희두 X 성해은 X 정현규 냉터뷰 1부,3059984,49532,1681,0.25,0.5,0.25,2022-12-29T13:00:09Z
희두_나연,rkWrRPfNJOU,희두가 오다 주운 에르메스 #일단이나연,2636000,24947,198,0.5,0.0,0.5,2025-04-24T15:16:17Z
희두_나연,osJISI5-DMA,2️⃣ 너의 존재가 서사고 개연성이야💚 ‘그 사랑둥이들’의 A to Z | 이나연 X 남희두 X 성해은 X 정현규 냉터뷰 2부,2227859,27821,772,0.5,0.25,0.25,2023-01-05T13:00:11Z
희두_나연,Pt5XCKeI0Kg,나연희두네 강아지 다 같이 나옴. 누가 더 예쁜지 대국민 투표 바랍니다. [강형욱의개스트쇼] EP.8,2147838,26891,501,0.2,0.6,0.2,2023-02-25T03:00:11Z
희두_나연,iYYywOZvfGE,희두 말 오지게 안 듣는 나연이의 최후 #삿포로,2071370,29594,81,0.4,0.4,0.2,2024-04-16T08:30:12Z
해은_규민,0CDa8ahQXc0,[환승연애2] 해은이 추울때 두 남자의 반응 #shorts #환승연애2 #해은 #현규 #규민,1806661,13620,177,0.25,0.5,0.25,2022-10-09T12:40:43Z
해은_규민,3Np3hP7dMCs,[예능숏츠]해은이 앞에서 눈물 터지는 규민 모습들 #환승연애2,1762936,30227,418,0.4,0.4,0.2,2022-10-21T14:40:39Z
희두_나연,Mrmk6JhGHQo,촬영 중단시킨 희두나연 찐싸움 #극한투어,1377080,16372,1813,0.2,0.6,0.2,2024-09-30T06:29:59Z
희두_나연,tfQuozWOCpc,환승연애2 마지막화 - 나연에게 과했다는 걸 깨달은 희두 (우리의 염원이 희두에게 닿았습니다..!),1356030,8359,329,1.0,0.0,0.0,2022-10-28T15:15:40Z
희두_나연,mS_z7ha7diA,"[환승연애2] 희두 시선의 끝은 항상 나연이었다, 악귀 허스키의 감정선, 그는 투명한 두리구슬",1236669,10029,366,0.75,0.0,0.25,2022-11-09T20:23:35Z
해은_규민,zprlZXKh0U8,환승연애2🎀14화 갑자기 댄스 배틀하는 규민이랑 해은이ㅋㅋㅋ(feat  해은 아싸!),1221455,19340,271,0.6,0.2,0.2,2022-09-16T11:05:07Z
희두_나연,lEoIOJ458zo,환승연애2 마지막화 - 나연 “내가 행복하게 해줄게” 희두 “니가?”,1205785,4362,328,1.0,0.0,0.0,2022-10-28T12:06:32Z
희두_나연,PS-qS_wpU5A,[환승연애2] 나언 앞에서는 작아지는 현규 (희두와 나연에 빙의된 줄 ㅋㅋ)#transitlove2,1071686,4545,101,0.6,0.0,0.4,2022-10-24T10:13:44Z
해은_규민,Se1lgiU0q6s,환승연애2 최종선택 _ 규민과 마지막 눈맞춤 후 헝구 아니 현규에게 가는 해은,946719,8521,1022,0.6,0.2,0.2,2022-10-28T13:34:49Z
희두_나연,NP0Dc_fJFBo,개무서운 나연 ㄷ ㄷ #환승연애2 #나연희두,940925,9106,46,0.4,0.4,0.2,2022-09-11T02:52:05Z
희두_나연,KP3cWux2dN8,환승연애2 19화 / 희두 찐남동생 모먼트 .. 해은한정스윗남 (나연에게만 살쾡이 ㅠ),907832,4980,155,0.5,0.25,0.25,2022-10-21T07:56:00Z
희두_나연,HnBe40eDCQo,환승연애2 - 엄청 재밌게 사귀는 현커 희두나연,869462,6682,270,0.75,0.25,0.0,2022-10-28T14:52:27Z
희두_나연,Nc-qjlvJuvY,(SUB) 희두X나연이 말아주는 환승연애3 리뷰💕 l 문자에 연연하지 않은 희두(?)  l 재회라는 말도 웃겨,844341,10966,595,0.8,0.0,0.2,2024-03-28T11:35:00Z
해은_규민,ZooZU8RVx2E,[환승연애2]규민이랑 데이트 하고싶은 해은..?,727713,8617,56,0.2,0.6,0.2,2022-10-14T17:05:54Z
해은_규민,PuGtPk26S10,[환승연애2] 17화 규민X해은 해은아 잠깐 나가서 얘기할래?,703902,2407,496,0.0,0.8,0.2,2022-10-07T07:20:36Z
희두_나연,A-hkFmmn8Ew,[하이라이트] ※주의※ 환승연애 아님💦 달달하다가도 바로 싸우는 현실 커플 &#39;희두X나연&#39;의 극한연애 | 극한투어 | JTBC 240929 방송,694744,3247,799,0.4,0.4,0.2,2024-09-29T15:21:18Z
해은_규민,wpDR_yvE-mk,환승연애2 마지막화 - “마지막 문자가 있었으면 너한테 보냈을거야“ 규민해은,690635,4707,396,0.4,0.2,0.4,2022-10-28T14:30:10Z
희두_나연,2Bu73H_m0W4,"[ENG] 5년 만난 애인에게 환승이별 당했습니다. | 귬쪽상담소 Ep1-2 「남희두, 이나연」",640813,6689,206,0.0,0.6,0.4,2023-09-19T07:00:01Z
희두_나연,EKUVt9Ap63g,[환승연애2] 희두 앞에서 응애가 되는 나연과 툴툴거리면서 챙겨주는 희두 / 그런 희두가 짱 좋은 나연ㅋㅋㅋ,625188,2961,153,0.8,0.0,0.2,2022-10-07T17:20:43Z
희두_나연,MyaWVpskWQI,나연X희두 결혼 계획은?!,622991,9414,51,0.6,0.2,0.2,2024-05-14T09:00:27Z
희두_나연,mzPMGrfyRlY,[#환승연애2] 나연 강아지 못생겼다하는 희두 #shorts,570937,0,94,0.2,0.4,0.4,2022-08-13T06:08:19Z
희두_나연,nAF_cSBGcf8,6주년 기념 스케이트장에 간 희두X나연⛸️,563184,10780,39,1.0,0.0,0.0,2024-02-08T10:00:38Z
희두_나연,4ipRgPlzHz4,(SUB) 나연 둘에 희두 둘 (feat. 강형욱 선생님),539037,7530,234,0.8,0.2,0.0,2023-03-10T07:00:01Z
희두_나연,CoTSHE9u-rQ,"환승연애2🎀무심코 툭 던진 희두, 츤데레의 정석 (feat.나연 - 이거 범죄여~)",529889,4670,34,1.0,0.0,0.0,2022-08-30T07:52:42Z
희두_나연,1Dv_PLKlWD4,(SUB) 희두 나연 또 시작임 (positive) | 삿포로 다 이기는 국내 히든스팟❄️,469022,4516,292,0.6,0.0,0.4,2024-12-06T09:00:05Z
희두_나연,Puiissv4Dt8,그네만 있어도 잘 노는 희두X나연,449397,7541,28,0.8,0.0,0.2,2024-06-06T09:00:18Z
희두_나연,drubOIV2rEs,[환승연애2] 또 싸우는 희두 나연,445326,4397,91,0.0,0.8,0.2,2022-09-30T06:04:02Z
희두_나연,oYd5GoDOPeI,"(ENC CC) 나연의 반려견, 희두 만나면 00를 한다? | 나연 희두 인터뷰, 밤비, 설이, 에스콰이어",417133,6696,249,0.8,0.0,0.2,2022-12-30T06:00:12Z
희두_나연,86zoKiV2S_c,T희두 vs F나연이의 대화,409011,7107,137,0.6,0.2,0.2,2023-10-30T14:00:10Z
희두_나연,yZDiqyXlHcc,나연이가 기분 좋을 때 feat.희두 #일단이나연,383119,2557,16,0.5,0.25,0.25,2025-02-03T16:00:45Z
희두_나연,x2oNT4RtiHk,"환승연애 나연과 희두, 그리고 지금...? ❤️‍🩹 EP.475",374657,4213,66,0.75,0.25,0.0,2022-11-07T09:00:37Z
희두_나연,g99v4Ah4mhU,나연이랑 극한예능찍고 다시 악귀들린 희두,373540,1964,39,0.0,0.6,0.4,2024-09-07T04:58:19Z
희두_나연,Gf3Z1o8CE68,[환승연애2]희두나연 엔딩이 젤 조아🥰,372900,4249,224,0.6,0.0,0.4,2022-10-28T17:45:22Z
희두_나연,LeGRBPOz1Ag,#나연희두 #환승연애3 지원 영상ㅤㅤㅤㅤㅤㅤㅤㅤㅤㅤㅤㅤㅤ..이 아니라 | 왓츠인마이앱,361000,7636,232,0.5,0.25,0.25,2023-11-21T08:01:56Z
해은_규민,cwy3198mFng,환승연애2 🎀 펑펑 울다 규민이 문자 한 통에 빵긋 웃는 해은😂,351580,2877,145,0.2,0.6,0.2,2022-09-03T09:51:24Z
희두_나연,YGo6TUnVJiQ,"[ENG] 희두 완전 FOX네…🦊♥ 4년차 커플 희두&amp;나연, 현실 커플의 달달구리 텐션 모두 공개합니다!ㅣ이나연ㅣ남희두ㅣ케미맛ZIP",349862,5359,178,0.75,0.25,0.0,2023-01-16T00:00:10Z
희두_나연,LABsPSSDZPM,VLOGㅣ나연&amp;희두 커플과의 2박3일 제주 여행ㅣ인스타 피드용 사진 찍는 법 그리고 아이폰 추천ㅣ여름맞이 언박싱ㅣ제주 숙소 추천ㅣ제주 맛집,348218,2628,177,0.25,0.0,0.75,2024-07-04T18:42:48Z
희두_나연,Nqa_6nKHn-0,"이나연, 환승 연애에 출연을 위해 남희두에게 먼저 연락 #강심장VS #SBSenter",346290,861,48,0.4,0.4,0.2,2023-12-12T15:03:06Z
희두_나연,3ga-Aa2hcjM,원규지현 vs 희두나연,333517,817,4,0.0,0.5,0.5,2025-12-11T03:16:26Z
희두_나연,XEBJFo2NI54,4랑둥이 인터뷰💜 | 나연X희두X해은X현규 냉터뷰 커밍쑨!,330126,8372,209,1.0,0.0,0.0,2022-12-28T15:00:19Z
희두_나연,xW6QRLo7ldY,"＂왜 나한테 예민하다고 해?＂ 또 싸우는 &#39;환승연애&#39; 희두♥나연, 급기야 💥촬영 중단 선언?!💥｜극한투어｜JTBC 240929 방송",329599,2023,964,0.0,0.8,0.2,2024-09-29T15:17:19Z
해은_규민,3et-1-JuDVk,[환승연애2] 해은 규민,318082,2960,43,0.4,0.0,0.6,2022-10-22T01:55:22Z
희두_나연,IN0yY3TfdEg,(SUB) 생일 주간 vlog l 희두가 오다 주운 에르메스 l 이나연이 큰거 쏜다. 생일 역조공 EVENT | 행복은 강도가 아닌 빈도💕,316553,3920,2565,0.4,0.0,0.6,2025-04-22T11:00:25Z
희두_나연,79qJlyoSeQY,(SUB) 이나연 인생 첫 편집👩‍💻 l 내가 만든 VLOG l 스윗한 희두 특집🌷 l 희두랑 신라호텔 호캉스 | 태이네 팝업 | 나둥이 만나기💕,307896,4009,217,1.0,0.0,0.0,2024-03-23T10:00:05Z
희두_나연,xzcNvLHr6F4,(SUB) 나연X희두 역대급 사이좋은 도쿄여행🗼l 1박 300만원 아만 자누 l 커플룩 디즈니랜드🏰 l 도쿄뷰 헬기투어🚁 l 도쿄 기절초풍 맛집🤤 l 기념일 여행코스,305061,3357,456,0.75,0.0,0.25,2024-11-05T13:01:23Z
희두_나연,Y0zydf3H4jM,찐 커플 린정 희두 나연ㅠㅠ 달달해 ㅠ #shorts #환승연애2,298608,4885,95,0.4,0.2,0.4,2022-10-28T13:18:09Z
희두_나연,lSJB39cIokc,희두X나연 싸이퍼 비하인드 #환승연애3,290326,4201,18,1.0,0.0,0.0,2024-03-28T14:03:51Z
희두_나연,ABQACzmgblk,환승연애2 희두x나연이 잘 될 수 없는 이유 #shorts,282541,3307,68,0.25,0.75,0.0,2022-11-12T03:00:06Z
해은_규민,zCuuqYTnOos,환승연애2 규민 말려도 앞에 서면 웃참 안되는 해은,277929,926,149,0.6,0.2,0.2,2022-09-26T08:06:01Z
해은_규민,zhZAsflcOkY,[환승연애2] 규민 해은 댄스배틀,275613,1860,90,0.75,0.0,0.25,2022-09-18T01:40:12Z
희두_나연,v0zHLw1zqZ8,(SUB) 🇰🇷 희두X나연이가 부산 당일치기를 즐기는 법 l 오락실 3대장 대결🕹 l 부산 한우 오마카세 추천🍖 l 먹방 여행🍽️,268965,2528,120,0.5,0.25,0.25,2023-09-22T07:00:32Z
희두_나연,OfIz2VLkyM8,희두X나연 방콕여행 중 다정두 모음zip #희두잇,250739,2404,21,0.75,0.25,0.0,2024-07-12T09:00:30Z
희두_나연,NxY3ithz2f4,희두X나연이 본 주원X서경 #환승연애3,246268,2338,13,0.8,0.2,0.0,2024-03-29T04:01:30Z
희두_나연,gh-djlk791Y,환승연애 모르는 이수근 ㅋㅋ😂 나연이 말해주는 나연 희두 커플 근황✨ l 아는 형님 l JTBC 231014 방송,235276,1042,38,0.17,0.67,0.17,2023-10-15T05:20:00Z
희두_나연,ub3a2r7hKeo,"(ENG CC) 희두와 나연의 지독한 사랑 사주? | 나연 희두 궁합, 러키유, 에스콰이어",220208,2817,119,0.8,0.2,0.0,2022-12-31T06:00:30Z
희두_나연,E1nqjw8HkDs,[ENG] 환승은 안 했지만 쇼윈도 커플? 희두 나연의 용타로점 결과는? | 용타로 EP.2,217479,3290,169,0.75,0.25,0.0,2024-11-06T09:00:22Z
해은_규민,55fUG6VgxHI,환승연애2🎀규민이의 소박한 관심에 빵긋 웃는 해은😆,213524,1788,19,0.2,0.6,0.2,2022-09-12T23:00:02Z
희두_나연,ceA7CRAEUgA,(SUB) 희두나연 글램핑🏕️ l 극단적인 밸런스게임 l 이성친구랑 1박vs전여친이랑 밤샘술 l 오징어게임2 후기 l 남희두 춤추다🕺,213255,2352,154,0.75,0.25,0.0,2025-01-21T13:00:53Z
희두_나연,16sgFktOrtU,희두X나연 또 싸움｜극한투어｜JTBC 240929 방송,212628,1055,525,0.2,0.6,0.2,2024-10-01T13:06:32Z
희두_나연,nKtfXqwXpRQ,ESFP 나연의 숨겨진 J력 대방출! 희두를 위해 준비한 밸런타인데이 데이트 코스 엿보기👀,204345,1510,109,0.6,0.2,0.2,2023-02-08T09:00:29Z
희두_나연,egiq4UBYEgs,연고전으로 커플이 된 나연♥희두 #shorts,193537,2593,17,0.25,0.0,0.75,2023-10-14T15:22:27Z
해은_규민,RFNWqy5Voc0,규민해은 서사 그 잡채 노래,183456,0,66,0.6,0.4,0.0,2022-10-27T07:55:59Z
희두_나연,KlED35CgXeI,[환승연애2]오랜만에 손이나 잡아볼까? #희두나연 #나연희두,177429,1430,67,0.75,0.0,0.25,2022-10-28T13:36:07Z
해은_규민,bplJ5Cxw2XQ,[환승연애2] 해은 규민 : 잘가 내 추억의 사람..,176727,2141,42,0.8,0.2,0.0,2022-10-28T15:41:13Z
희두_나연,YJP5Ll6R9oE,"[환승연애2] 16화 / 희두X나연 , 끝나지 않는 네버엔딩 싸움",170846,724,41,0.5,0.25,0.25,2022-10-03T21:10:02Z
해은_규민,jPxTFQPhiSs,해은 현규 환승연애2 보던중 규민 만나자 현규가 했던 SNS 돌발행동  정현규 성해은 환승연애2 20화 리뷰 분석 exchange2,157842,511,41,0.75,0.25,0.0,2022-10-29T12:02:51Z
해은_규민,7X3gK9gFMg4,[환승연애2] 규민 해은 어깨춤,153580,1336,56,0.75,0.25,0.0,2022-09-18T08:28:49Z
해은_규민,EWtssBt-KFY,환승연애2 해은 규민 MV [너는 내 세상이었어],153471,902,35,0.2,0.8,0.0,2022-09-04T08:52:07Z
희두_나연,X008H2HUhnE,[환승연애2] 잠꼬대 하는 나연 #환승연애2 #희두나연,151671,1784,7,0.75,0.25,0.0,2022-10-07T15:56:34Z
희두_나연,50w_Mku0Zr0,환승연애2 최종커플 희두 나연,148039,3173,49,0.6,0.2,0.2,2022-10-28T13:14:50Z
희두_나연,NXLzRsSf3Ao,앞뒤 구분 못하는 희두🤣 #shorts#에잇세컨즈#나연#희두,147278,1607,11,0.8,0.0,0.2,2023-03-13T09:00:28Z
해은_규민,L9Fqey7w2Qg,환승연애2 해은 규민,147211,2978,68,0.5,0.25,0.25,2022-10-28T14:31:34Z
해은_규민,gSRDhsYl5eI,"환승연애에 진심이었던 우리..🥲 해은맘들과 규민대디의 치열한 갈등, 그리고 극적 화합을 이룬 마지막화 시청 모먼트",145011,1358,37,0.8,0.2,0.0,2022-12-22T03:00:24Z
희두_나연,Nhq46aHT3tQ,마음이 전해지지 않는 대화의 이유 - 환승연애 나연 희두 대화분석 사례(3) | 심리대화 LBC,142813,1396,237,0.4,0.4,0.2,2022-10-06T03:15:01Z
해은_규민,fDD6nUleMro,[환승연애2]그리웠던 티키타카 #환승연애2 #해은 #규민,140072,1102,56,0.25,0.5,0.25,2022-10-21T12:32:29Z
희두_나연,rvnUmzIu-zQ,환승연애2 희두 나연,129396,1607,84,1.0,0.0,0.0,2022-10-28T15:43:23Z
희두_나연,n1iILRqH8z8,[캐릭터 티저] 희두X나연의 극한연애... 아니 여행🥶 | 〈극한투어〉 9/22(일) 밤 10시 30분 첫 방송!,125567,976,213,0.25,0.75,0.0,2024-09-04T04:20:11Z
희두_나연,hVm_wvTeqv0,희두 나연 불러 #shorts,117552,826,21,0.4,0.4,0.2,2023-06-15T10:07:00Z
희두_나연,Qih3q089nxo,[환승연애2 최종화] 규민 아닌 희두를 선택한 나연,114883,591,62,0.8,0.2,0.0,2022-10-28T12:08:03Z
해은_규민,KZSjm6M3xwI,재회를 바라는 사람들이 알아야할 심리와 전략 - 환승연애2 규민 해은 사례 분석 | 심리대화 LBC,114163,1408,274,0.25,0.25,0.5,2022-09-21T09:15:00Z
희두_나연,1zCStWDeuuo,"맞지 않는 것 같아 보이는 사람들이 끌리는 이유, 그리고 맞춰갈 수 있는 방법 - 환승연애2 희두 나연 사례 분석| 심리대화 LBC",112289,1638,280,0.5,0.0,0.5,2022-09-20T09:15:00Z
희두_나연,Zr2--hasMX4,[환승연애2 마지막화] 나연 희두 새로운 마음가짐으로! 있는 그대로의 모습을 인정할 줄 아는 연애하즈아아아!! 행복해랏,109638,892,40,0.75,0.25,0.0,2022-10-28T20:07:11Z
희두_나연,w0h2ColfBpo,나연이 광대승천시킨 희두의 행동?! #삿포로,106902,2008,18,1.0,0.0,0.0,2024-04-16T08:00:32Z
희두_나연,ydRbAiCKJl4,[ENG] 희두(Heedoo)가 더빙하는 나연(Nayeon)이의 &#39;인간 구찌&#39; 메이크업💄💗 ㅣ남희두ㅣ이나연ㅣ데일리 메이크업,105497,1444,73,0.8,0.0,0.2,2023-02-21T09:00:36Z
희두_나연,1go_CDjC-Bs,[환승연애2] 희두랑 걔네다 희두와 아이들 #남희두 #이나연 #희두나연 #나연희두,98996,619,10,0.75,0.0,0.25,2022-09-30T10:27:15Z
해은_규민,BpA_awWaTVM,"환승연애2 15화 현규 해은을 선택, 규민의 질투? (+내일 봬요 누나)",92693,393,103,0.4,0.2,0.4,2022-09-23T14:03:08Z
희두_나연,ShYlT3UR8to,[환승연애2] 마지막화 희두나연 최종선택 그럼에도 나연을 선택한 이유,91064,643,23,1.0,0.0,0.0,2022-10-29T01:13:08Z
희두_나연,TdHWgkS5HSw,[환승연애2] 희두 나연 : 속이 다 뚫리네,90495,961,36,0.8,0.0,0.2,2022-10-28T16:22:13Z
희두_나연,U_Al1p4IQmU,[환승연애2] 나연X희두 &quot;우린 참 별나고 이상한 사이야&quot; | 레드벨벳-Psycho,90371,2050,22,0.75,0.0,0.25,2022-10-08T12:12:19Z
희두_나연,85psDme4308,모두가 한마음으로 응원하던 그시절 희두X나연..❤️,88040,1565,21,0.8,0.0,0.2,2023-10-31T13:00:08Z
해은_규민,kMf0RjjCb1A,환승연애2 해은 장애물과 큰 상처가 아니길 바라는 규민,85891,565,146,0.2,0.8,0.0,2022-09-29T06:12:41Z
희두_나연,uhq2lTXQDCk,남희두 연봉 공개?!ㅣ왓츠인마이앱📱 #환승연애 #나연 #희두,85565,439,3,0.67,0.0,0.33,2023-11-23T08:00:34Z
희두_나연,fvnIbxDTGdU,본인 개무시해도 희두 사랑한다는 나연 #환승연애2 #나연 #희두 #재회,84432,690,10,0.2,0.6,0.2,2025-09-29T13:30:40Z
해은_규민,eXQUwtFeMUI,환승연애2 다시 만나 오매불망 된 해은 묵묵히 짐을 옮겨 주는 규민,83178,454,46,0.33,0.67,0.0,2022-09-28T11:37:33Z
해은_규민,ZKaVNBKKb3I,[환승연애2 18회리뷰&amp; 19회예고] 현규-해은 최종선택! 규민은 결국...!,83140,537,41,0.2,0.6,0.2,2022-10-16T05:11:09Z
해은_규민,o_uix8LGD6Y,&#39;환승연애2&#39; 해은 X 규민 커플을 위해 만들어진 노래인 듯..찰떡 #shorts,79451,929,7,0.6,0.4,0.0,2022-12-26T04:24:49Z
희두_나연,uuHnBmPuG-g,희두팀 골 먹혀서 우는 나연이🥹 l 야... 우냐?,78527,1163,4,1.0,0.0,0.0,2024-05-05T11:00:43Z
희두_나연,-b64PimmBrk,[𝒑𝒍𝒂𝒚𝒍𝒊𝒔𝒕] 왜 사랑하는데 안될까요 I 환승연애2 나연 희두 플레이리스트,77988,1383,13,0.75,0.0,0.25,2022-10-01T07:18:17Z
희두_나연,sU1WNhk0dq4,환승연애2 최종화 해은 선택 지인 등판 희두나연 인스타 복선  EXchange2,77676,181,3,1.0,0.0,0.0,2022-10-17T12:30:18Z
해은_규민,obpF3s6vaes,환승연애2 과몰입러가 만든 해은X규민 스토리 자작곡 - 너는 어때  by 이갱호,76572,899,61,0.6,0.0,0.4,2022-10-23T12:56:44Z
희두_나연,u6QcFVd9nng,[sub] 비주얼 합 미쳤다. 희두♥나연 커플 인터뷰,72456,1245,68,0.6,0.0,0.4,2023-02-10T05:00:19Z
해은_규민,YfTIps4EgCE,규민 앞에서 해은에게 고백하는 현규,70698,1050,11,0.6,0.2,0.2,2022-10-28T11:42:30Z
희두_나연,eAlz4dfTjOk,환승연애2 현규 해은 카페 모임현장 희두 나연과 2차 모임 포착 횟집 방문?,70213,426,26,0.8,0.2,0.0,2022-11-12T14:33:30Z
해은_규민,TGsRgRawz40,환승연애2🎀14화 규민이와 제주도 비행기 탈 생각에 신난 해은이ㅋㅋㅋ (feat.아싸 해은),69693,815,39,0.8,0.0,0.2,2022-09-17T17:01:41Z
희두_나연,J5KiJ666usY,반복되는 말싸움을 멈추는 해결책 - 환승연애2 희두 나연 사례 분석 | 심리대화 LBC,69625,919,167,0.0,0.8,0.2,2022-10-04T08:15:00Z
희두_나연,Zcyc7gpPxj4,환승연애2 현규 해은 규민 현실커플 지인 폭로. 희두 나연 현커증거 딱 걸렸다,68635,84,5,0.8,0.2,0.0,2022-10-03T21:30:04Z
해은_규민,Zcyc7gpPxj4,환승연애2 현규 해은 규민 현실커플 지인 폭로. 희두 나연 현커증거 딱 걸렸다,68635,84,5,0.8,0.2,0.0,2022-10-03T21:30:04Z
해은_규민,vB-z8bW12Xk,환승연애2 현규 눈 스캔 포착 제작진이 뿌린 현규 해은 스포 규민 해은 이별이유 편지,66835,239,24,0.5,0.25,0.25,2022-10-12T22:00:35Z
해은_규민,j469V4w_3Bw,[환승연애2]18화 현규x해은x규민 진실게임 #환승연애2,62668,302,58,0.5,0.25,0.25,2022-10-14T08:16:09Z
희두_나연,0c4TStqVMwM,연고전이 맺어준 커플 &#39;나연❤️희두&#39; 남친 이야기에 수줍음 가득💕 | 아는 형님 404회 | JTBC 231014 방송,61337,493,5,0.0,0.33,0.67,2023-10-14T12:59:04Z
희두_나연,6oYxbNhaYAI,희두랑 결혼하는 꿈 꾼 나연이💍 (feat. 오열엔딩),59746,934,13,0.6,0.2,0.2,2024-01-14T14:00:08Z
희두_나연,iyXKxM_Feqo,환승연애2 🎀 나연이 손바닥 안에 있는 희두ㅋㅋㅋ,59050,172,7,0.4,0.2,0.4,2022-09-01T06:19:04Z
해은_규민,g2R7Jt7_z-k,환승연애2 현규 근황 포착 해은 규민 관계 밝힌 지인 등판 현규 실물 난리난 상황,58175,200,16,0.25,0.75,0.0,2022-10-11T08:51:50Z
해은_규민,ARB1lHsl2Bg,환승연애2 해은 규민 마지막 웃음,57177,905,11,0.8,0.2,0.0,2022-10-21T12:33:56Z
희두_나연,qizJA33Ffh8,도쿄 디즈니씨에 간 희두와 나연이🧜‍♀️,56881,1090,5,0.8,0.0,0.2,2024-01-16T10:00:38Z
희두_나연,0rr8Ke3fULY,희두&amp;나연 해명TIME⏰(Feat.극한투어),56205,0,9,0.2,0.4,0.4,2024-11-09T10:00:02Z
희두_나연,C4QtKm1mhwY,희친자 나연이와 다정두의 방콕 모먼트 #희두잇,55863,1112,13,0.8,0.0,0.2,2024-07-13T09:00:14Z
희두_나연,c9A2mi1yc00,사랑해서 혼내는 사랑해서 혼나기 싫은 - 환승연애2 희두 나연 사례 분석| 심리대화 LBC,55458,755,109,0.5,0.0,0.5,2022-10-05T09:15:02Z
희두_나연,2iXscNEMaKU,자존심에 가려진 진심 - 환승연애2 희두 나연 사례 분석| 심리대화 LBC,55166,595,97,0.2,0.4,0.4,2022-10-19T03:15:00Z
희두_나연,bvAdYtpmU3k,🔥중국판 희두 나연의 츤데레 모먼트🔥 #shorts,54491,523,15,0.0,0.8,0.2,2023-03-04T09:00:19Z
해은_규민,JzmYgvK_RNU,마음이 규민말고 현규로 향하는 해은,54385,833,5,1.0,0.0,0.0,2022-10-01T06:46:09Z
희두_나연,pktmJmeD1J4,[환승연애2] 나연의 최종 선택. 희두를 향한 직진.,52413,0,15,1.0,0.0,0.0,2022-10-30T07:12:05Z
희두_나연,ryMizoXusaQ,&#39;7년차 커플&#39; 희두♥나연의 설렘 모먼트｜극한투어｜JTBC 240929 방송,51587,287,53,0.25,0.75,0.0,2024-10-04T06:07:16Z
해은_규민,qgAgoEbxkbg,환승연애2 해은 규민 현커라고? 난리난 상황 나연 희두 현커 블라인드 목격담,50645,62,8,0.0,1.0,0.0,2022-10-05T12:26:39Z
해은_규민,4S83hdFXQ9A,#shorts #환승연애2 환승연애2 규민 해은 어깨춤,50421,600,12,0.75,0.0,0.25,2022-09-18T08:38:32Z
해은_규민,1UaJQzeCVfU,[환승연애2 18화] 해은이랑 태이랑... 뭐가 됐든 저는 규민이만 아니면 다 찬성 (핑크공주 해은쓰),47972,697,45,1.0,0.0,0.0,2022-10-15T17:41:56Z
희두_나연,yeZbq9iYHQk,"[#슈퍼맨이돌아왔다]  당신의 X는 당신을...💔 희두-은우-나연 환승육아, 이 이야기의 결말은?｜KBS 240825 방송",47465,605,25,0.75,0.25,0.0,2024-08-26T12:30:48Z
희두_나연,ux7jgvC019o,"어긋난 타이밍, 전달받지 않고싶은 진심 - 환승연애2 희두 나연 사례 분석 | 심리대화 LBC",46614,565,89,0.4,0.4,0.2,2022-10-19T10:15:05Z
해은_규민,DeFPx6A-kTc,환승연애 규민해은 눈물데이트┃𝐏𝐥𝐚𝐲𝐥𝐢𝐬𝐭,44527,456,33,0.5,0.25,0.25,2022-10-21T17:55:33Z
희두_나연,5uSb8D5DfK0,나연🧡희두 최근 달달한 모먼트,43303,582,4,0.67,0.0,0.33,2023-02-01T01:30:14Z
희두_나연,EG-4yWGIsCk,"[환승연애2] 환연 출연진들 인터뷰 근황, 희두 나연 결혼반지 등장? 규민 신상 털린 상황 ㄷㄷ",42856,147,7,0.5,0.25,0.25,2022-11-02T17:04:18Z
해은_규민,G9KinBiIF4I,환승연애2 해은 현규에 문자 발송 규민 엑스 데이트후 눈물.원빈 지인제보 속출  EXchange2,42309,146,10,0.75,0.25,0.0,2022-10-16T11:04:29Z
희두_나연,B198XiZY5Qw,＂썰리는 거 아니지…?💦＂ 세계에서 제일 위험한 칼 마사지로 희두 참교육하는 나연ㅋㅋ｜극한투어｜JTBC 240929 방송,38875,142,9,0.0,0.8,0.2,2024-09-29T15:18:16Z
해은_규민,nXYWclr-auk,환승연애2 해은 웨딩촬영 충격 현규 해은 규민 최종선택 스포유출 촬영장 목격담. 남출 지목 데이트 스포유출. 현규는 알고 있었다 17화에 드러난 최종선택,37599,106,14,0.75,0.0,0.25,2022-10-06T12:03:13Z
해은_규민,_hJxeImla04,[환승연애2 해은] 규민과 대화하고 난 후에 깨달은 해은,37584,249,3,1.0,0.0,0.0,2022-10-21T17:05:15Z
해은_규민,VwIv02Iy2YU,"환승연애2 희두 나연 현커 증거, 현규 해은 규민 현커 지인 폭로.",35391,65,11,0.2,0.4,0.4,2022-10-03T13:59:59Z
해은_규민,yXG_9dnOPD8,💌환승연애2 15화 해은❤규민 커플 공개  #환승연애2 #쇼츠 #shorts,33950,316,11,0.2,0.8,0.0,2022-09-23T12:21:41Z
해은_규민,_o9ZLjBHDvk,"[환승연애2] “배고파”, “나도갈래” 이말이 너무 마음아프게 들린다.. #환승연애2 #규민 #해은 #환승연애",31651,239,12,0.0,0.8,0.2,2022-09-02T09:54:32Z
해은_규민,Cm5LBhBvm1o,환승연애2 해은 규민 티격태격,28294,408,4,0.5,0.25,0.25,2022-10-21T12:44:12Z
해은_규민,h0gw_BAnSXU,환승연애2 달리기만 해도 그냥 좋았었던 해은 규민,28264,127,4,0.5,0.5,0.0,2022-09-28T21:53:56Z
해은_규민,KVz6LjdQKnc,나 만나서 흔들리긴 했어? #환승연애2 #해은 #규민,28249,272,5,0.25,0.5,0.25,2022-10-28T15:54:36Z
해은_규민,u5x1hCbsn_A,환승연애2 해은규민 6년 장기연애💙 &quot;유머코드도 여행코드도 소용없었다&quot; 6년의 끝,27521,107,2,0.0,1.0,0.0,2025-12-17T14:54:35Z
해은_규민,165S8UGksMA,해은이를 만나기엔 키가 작은 규민이..ㅋㅋㅋㅋㅋㅋㅋㅋㅋ #shorts #환승연애2,27181,187,5,0.0,0.8,0.2,2022-10-21T09:43:48Z
해은_규민,GNVAZz-DLYM,"환승연애 2 너무나도 투명한 해은에 비해 어려운 규민의 감정선, 진심은 무엇? 규민 해은 헤어진 이유",26462,138,48,0.25,0.75,0.0,2022-10-12T17:02:20Z
해은_규민,yGf7VfG7zKc,[환승연애2] 해은 규민,22684,268,6,0.5,0.5,0.0,2022-10-28T15:15:18Z
해은_규민,NYyJp26GRZk,나의 첫사랑 | 환승연애2 해은규민 마지막인사,22335,132,6,0.25,0.5,0.25,2022-11-04T05:16:29Z
해은_규민,bgQPEv7I6Dg,[환승연애2] 현규랑 잘되는 꼴은 절대 못보는 규민 #환승연애2 #해은 #규민,21314,278,2,0.33,0.67,0.0,2022-10-07T12:58:11Z
해은_규민,NeAp3YghekI,환승연애 2 도파민 폭발 장면 해은 X 규민 연애기간 #youtube #shorts #youtubeshorts #환승연애 #love,20813,29,2,0.0,1.0,0.0,2025-10-04T06:42:28Z
해은_규민,jf5w1A7510s,환승연애2 / 해은의 마음으로 규민 인스타 구경,20252,0,3,0.0,0.0,1.0,2022-10-15T06:34:54Z
해은_규민,TViALpji1h0,[환승연애2] 해은은 이미 규민의 감정선을 알고 있었다/제작진들이 초반 규민을 악역으로 만든 이유,20128,51,47,0.25,0.75,0.0,2022-10-26T20:49:56Z
해은_규민,f6jdmh77Zb8,[환승연애2] 해은 규민 현규: 삼자대면,19537,0,7,0.75,0.25,0.0,2022-10-28T16:59:12Z
해은_규민,gL6G1LTQXU8,환승연애2 리뷰 2편 #환승연애#커플리뷰#해은#규민#현규#나언,18410,74,1,1.0,0.0,0.0,2022-10-04T15:35:14Z
해은_규민,GBdFS0msRE4,환승연애2 잘 가... 가지마... 해은 규민,18296,175,12,0.6,0.2,0.2,2022-10-28T15:42:59Z
해은_규민,MNDmcD0J2vc,[환승연애2] 해은 규민: 왜 그랬을까,18284,121,3,0.5,0.5,0.0,2022-10-28T15:26:32Z
해은_규민,y_uSkeKX9aM,환승연애2 해은규민 6년 첫사랑💙회상 모먼트 &quot;이게 사랑이었구나&quot;ㅣ전설의 시작,18062,164,3,0.5,0.5,0.0,2025-12-16T15:34:25Z
해은_규민,hgVEQ5osGrk,"환승연애2 새로운 스포! 해은, 규민은 최커, 현커일까?",17807,53,7,0.75,0.25,0.0,2022-10-03T04:22:21Z
해은_규민,1O8O7k8Br2Q,"[환승연애2 19화] 해은 규민 갑자기 끝나버린 X 데이트, 흑돼지 오마카세 홍보대사",16476,101,12,0.5,0.25,0.25,2022-10-22T11:16:12Z
해은_규민,04gmnAIDlyw,"이별의 순간, 자존감과 해방감 사이 - 환승연애2 해은 규민 사례분석 | 심리대화 LBC",16042,225,29,0.8,0.2,0.0,2023-02-07T12:15:00Z
해은_규민,6xpa3qesBb4,환승연애2 마지막화 해은 규민 현규 리액션 (눈물) 3분안에 모든 감정 다 들어있음,15647,149,9,0.8,0.2,0.0,2022-10-28T22:45:43Z
해은_규민,eyRuV6zpjjg,[환승연애2] 해은 규민,14040,0,1,1.0,0.0,0.0,2022-10-28T17:40:58Z
해은_규민,t7xhNT5FCZ8,드라마보다 더 슬픈 해은 규민 서사 다시보기..영상출처 : 환승연애2음악출처 : 서승연 - 밤하늘 별들을 바라보며 #이별 #이별글귀 #환승연애 #환승이별 #후회,13957,54,1,1.0,0.0,0.0,2025-04-08T10:14:51Z
해은_규민,q3zxtEw4db4,"[환승연애2 20화 리뷰] 해은과 규민의 이별에서 드러나는 둘의 성향, 규민 악플러 강경대응?",12144,49,45,0.0,1.0,0.0,2022-10-31T20:24:14Z
해은_규민,kOciO6AA00U,𝐏𝐥𝐚𝐲𝐥𝐢𝐬𝐭 나의 20대는 다 너였어 | 환승연애2 해은 규민,10342,69,2,1.0,0.0,0.0,2022-10-30T07:28:24Z
해은_규민,QtpI7d5Dzeo,[환승연애2] 너 진짜 너무한다..... #shorts #환승연애2 #해은 #규민,9791,120,9,0.8,0.0,0.2,2022-10-20T12:30:10Z
해은_규민,n_t29ghz_J4,[환승연애2 19화]  해은 규민의 티키타카,9741,105,8,0.8,0.0,0.2,2022-10-22T14:09:01Z
해은_규민,99xxP8Pk6-w,짱구의 충격적인 비밀 #짱구 #짱구성대모사 #해은 #규민 #철수 ##철수성대모사 #성우 #언더성우 #여자성우 #성대모사  #환승연애 #환승연애2 #환승연애3 #shorts,8917,92,9,0.75,0.0,0.25,2023-07-18T15:00:11Z
해은_규민,5dvhxPkIDlI,릴러말즈 (Leellamarz) - &#39;Ex&#39; MV | 환승연애2 해은 &amp; 규민,8496,76,7,0.75,0.25,0.0,2022-10-25T12:52:54Z
해은_규민,2c4oUNV38bE,[환승연애2 해은X규민] 검정치마- 나랑 아니면,8072,42,4,1.0,0.0,0.0,2022-10-23T13:47:01Z
해은_규민,_pCZSZ4nBJU,환승연애2 해은이 눈물의 진실😢 규민-나연 데이트 중 혼자 남겨져 거울 보며 오열한 이유💔 #환승연애2 #해은 #규민나연,7512,36,1,0.0,1.0,0.0,2025-12-19T05:54:43Z
해은_규민,nOhTPnSVTfQ,규민이 해은을 환승연애2 에 초대한 진짜 이유 폭로…해은-규민 결별 이유 루머…네티즌 격분,6921,13,10,0.0,0.75,0.25,2022-10-12T02:36:38Z
해은_규민,P6ANfhwz8bA,[환승 연애 2] 19화 규민이 극딜 박는 해은 | 해은이가 달라졌어요 #환승연애2  #해은  #규민 #규민해은,6836,83,4,0.75,0.0,0.25,2022-10-21T07:33:03Z
해은_규민,gb9-E4a6j8U,시간을 넘어서 (환승연애2 해은 x 규민),6362,29,1,0.0,1.0,0.0,2022-10-30T23:20:21Z
