speaker,confidence,text,target,sentiment,category,summary
UNKNOWN,,[#환승연애2] 영원할 줄 알았던 첫사랑의 마침표... 과몰입하게 되는 규민X해은 모음 | #나중에또볼동영상.m4a SCENE1 00:00 - 22:00 ------------------,정규민,neutral,N/A,환승연애2 영상 클립에 대한 정보 제공.
성해은,,왜 이렇게 늦게왔어?,,neutral,none,상대방의 도착 시간에 대한 질문
정규민,,그러게...춥다 밖에 그치? 휴지 없나?,,neutral,일상 대화,날씨가 춥다는 언급과 휴지를 찾는 발언
성해은,,(눈물을 흘리며) 보고 싶었어.,,negative,emotion_expression,성해은이 눈물을 흘리며 보고 싶었다고 말함.
정규민,,(애써 표정 갈무리하며)잘 지냈어? 그만 울어. 나까지 울리겠다.,,negative,emotion_expression,"정규민이 상대방에게 울지 말라고 하며, 자신까지 울릴 것 같다고 말함."
성해은,,너가 웃어줄지 아닐지 궁금했거든. 웃어줘서 고마워. SPEAKER_3 나도 보고 싶었어. 네가 어떻게 지내는 지도 궁금하고. 어땠어? 처음에 이거(환승연애 프로그램) 연락받고 어땠어?,정규민,positive,initiative,"상대방에게 웃어줘서 고맙다고 표현하며, 보고 싶었다고 말하고, 어떻게 지냈는지, 프로그램 연락을 처음 받았을 때 어땠는지 질문하며 적극적으로 대화를 주도하고 있다."
성해은,,너 전화가 놀랐지. 생전 울리지도 않던 정규민이 휴대폰 화면에 뜨니까 SPEAKER_3 내 전화번호 저장은 돼 있었어? SPEAKER_1 당연하지 너는 지웠어?,정규민,negative,emotion_polarity,"정규민의 전화에 놀랐다는 감정을 표현하며, 정규민이 자신의 전화번호를 저장했는지 묻고, 상대방에게는 자신의 번호를 지웠는지 되묻는 발언에서 서운함이 느껴진다."
정규민,,"나 있어, 그대로.",,neutral,none,정규민은 현재 상황에 변화 없이 그대로 있음을 표현함.
성해은,,당연하지. 난 원래 안 지우잖아.,,neutral,statement,상대방의 이전 행동에 대한 언급.
정규민,,근데 그래도 내가 생각했던 것보다는 너 긴장 안 하는 것 같은데? 괜찮은 것 같은데?,,positive,observation,정규민은 상대방이 생각보다 긴장하지 않은 것 같다고 말하며 괜찮은 것 같다고 긍정적으로 평가함.
성해은,,많이 컸지?,,neutral,none,"성해은의 발화는 감정적인 내용이나 특정 인물에 대한 관심, 관계 형성을 주도하려는 의도가 드러나지 않습니다."
정규민,,진짜 많이...자랐네.,,neutral,observation,"정규민이 상대방의 변화에 대해 언급하며, 성장했음을 인지하는 발언을 함."
정규민,,우리가 나이가 진짜 많이 먹었다.,,neutral,relationship,정규민이 나이가 많이 먹었다는 사실을 언급하며 대화의 분위기를 환기시키고 있다.
성해은,,그치? 진짜 우리 21살에 만났는데 29살이야...!,,neutral,none,21살에 만나 29살이 된 상황에 대한 언급.
정규민,,그러니까... 2014년 1월에 21살 때거든요. 미팅에서 만났어요. 4대4였던 걸로 기억합니다.,성해은,neutral,event_description,"2014년 1월, 21살 때 미팅에서 성해은을 처음 만난 상황을 설명하고 있다."
성해은,,"스무 살 때 아무랑도 연애 한 번도 안 해보고, 아 스무한 살 때는 드디어 제발 연애 한 번 하자 하고 과팅 처음 들어오는 거를 처음 나갔어요.",,중립,개인적인 경험,"스무 살, 스무한 살 때 연애 경험에 대한 이야기"
정규민,,파트너를 보통 정하잖아요. 소지품으로 했던 것 같아요. 좀 올드스쿨하지만 뭔가 하나가 그 친구 거 같은 거예요.,,neutral,event_description,"정규민은 파트너를 정하는 방식으로 소지품을 이용한 방식을 설명하며, 특정 소지품이 특정 친구의 것 같다고 언급한다."
성해은,,제가 니베아 립밤을 했었거든요. 그걸 어떻게 근데 규민이가 골라가지고 저 진짜 제발 제발 내꺼 골라라 골라라 이렇게 하고 있었는데,정규민,positive,attention,성해은은 정규민이 자신의 립밤을 고르기를 간절히 바랐다고 말하며 정규민에 대한 호감을 드러냄.
정규민,,확실히 뭔가 느낌이 와서 뽑았어요. 순수하다 귀엽다 이런 느낌을 많이 받았었던 것 같아요.,성해은,positive,emotion_expression,정규민은 상대방에게 순수하고 귀엽다는 느낌을 받았다고 표현하며 호감을 드러냄.
성해은,,한강에서 규민이가 엄청 망설이면서 우리 만날래? 이렇게 했었던 것 같아요. 내 손 잡아서 자기 주머니에 넣었을 때 그 안에 핫팩이 있었거든요. 그 온기가...그 온기와 감동이 아직까지 남아있어요.,정규민,positive,emotion_polarity,규민과의 과거 데이트 회상하며 따뜻함과 감동을 느낌.
정규민,,그게 군대 가기 80일 전이었던 것 같아요 그래서 나 군 입대까지 얼마 남지 않았는데 지금 뭐 이렇게 얘기해서 미안하지만 우리 만날 수 있을까? 괜찮을까? 라고 했는데 해은이가 고민을 하다가,성해은,중립,상황 설명,"군 입대를 앞두고 성해은에게 만남을 제안했던 과거를 회상하며, 당시 성해은이 고민했던 상황을 언급함."
성해은,,아 나 사귀어도 되나? 이러면서 한두 시간을 걸으면서 고민하고 2시간 정도 뒤에 오케이.,,neutral,undetermined,과거 회상 중 사귀기로 결정하기까지의 고민 과정을 언급함.
정규민,,그때부터 만났었던 것 같아요. 첫사랑이라고 하면 될 것 같아요.,,neutral,attention,"정규민은 과거 연애에 대해 이야기하며, 첫사랑 상대를 언급함."
성해은,,"21살 때 규민이가 첫 남자친구예요. 규민이가 군대 가기 전 까지 그 두 달, 세 달 동안의 데이트가 눈물의 데이트였어요.",정규민,negative,attention,"정규민과의 과거 연애를 회상하며 눈물의 데이트였다고 언급, 부정적인 감정을 드러냄."
정규민,,"해은이와 거의 매일 만났어요. 거의 군대 가기 전까지 일주일에 4번 이상은 만난 것 같아요. 해은이가 군대 면회를 정말 한 번도 안 빠지고, 저 보려고 매 주말마다 왔던 것 같아요.",성해은,positive,attention,"정규민은 성해은과 군대 가기 전까지 거의 매일 만났으며, 성해은이 군대 면회를 한 번도 빠지지 않고 매 주말마다 왔다고 언급하며 성해은에 대한 애정을 드러냈다."
성해은,,"딱 1호선의 끝과 끝으로, 아예 주말에 출근하듯이 매일매일 왕복 4시간. 금요일 밤에는 규민이 면회 갈 생각에 잠을 못 잤어요. 그 이틀 데이트 한 걸로 또 일주일 버티고 그 힘으로 매주 지냈어요. 군대 면회실에서 알콩달콩 그냥 대화하고 같이 있기만 해도 너무 좋은 거죠. 그 시간이 빨리 가기만을 일단 기다렸고 규민이와 헤어질 수 없으니까 (면회실에 온 규민을 만나며)아 귀여워!",정규민,positive,attention,"성해은은 정규민과의 데이트와 면회를 통해 힘을 얻고, 함께 있는 시간을 매우 소중하게 생각하며 '귀여워'라고 표현하는 등 긍정적인 감정을 드러냄."
정규민,,군인 시절에 그 친구가 인터넷 편지 써줬던 것도 다 있고 손편지도 다 있고. 진짜 많아요 정말 많은데,,neutral,attention,군인 시절 친구가 편지를 많이 써줬다는 언급을 통해 과거 인물에 대한 기억을 회상하고 있다.
성해은,,"기념일이면 도시락 싸서 가고 크리스마스 선물 사 갔고. SPEAKER_3 너무 고마웠죠 처음에 사실 너무 보고 싶었는데 매번 와주니까 너무 고맙고 해은이가 노력을 많이 했었던 것 같아요. SPEAKER_1 되게 좋은 추억으로 남아있어요. 그냥 나는 현실 상황 플러스 네가 여기 있는 게 안 믿겨. 이거 아니었으면 나랑 밥 안 먹었을 거잖아. 너랑 오래 만나서 그런가 너 생각이 지워지진 않더라. SPEAKER_3 그치, 어디를 가던지 다 있잖아 추억이. SPEAKER_1 너랑 못 해본 게 너무 많더라고 지금 생각해보니까. 난 좋은 날이나 기념일이나 해주고 싶을 때도 막 아꼈던 게 좀 후회됐어. SPEAKER_3 난 좋았는데. SPEAKER_1 좋았어? SPEAKER_3 응 SPEAKER_1 제가 승무원 준비할 때가 저의 인생에서 아직까지는 제일 힘들었던 시기라고 생각해요. 규민이한테 뭐라고 말도 못하겠고, 연락을 아예 안 하고 잠수를 타고 있었는데 규민이는 '알았어. 기다릴게. 마음의 준비 다 되면 그때 연락해' 라고 했었는데, 제가 드디어 승무원에 붙은 거예요. 규민아, 만나자 할 말 있어. 라고만 했었는데, 규민이가 그때 그냥 꽃 들고 나와줬어요. 제가 붙었다는 걸 그냥 감지했었대요.",정규민,positive,memory,"과거 기념일에 도시락을 싸주고 크리스마스 선물을 사줬던 기억, 승무원 준비 당시 힘들었던 시기에 연락을 끊었음에도 기다려주고 합격 후 꽃을 들고 나와줬던 규민에 대한 고마움을 표현하며 좋은 추억으로 남아있다고 회상한다."
정규민,,"여행을 자주 갔어요. 해은이랑 거의 1년에 한 번씩은 갔던 걸로 기억을 하는데, SPEAKER_1 저는 진짜 내 세상이 그냥 다 규민이고, 내 처음 모든 게 다 규민이니까, 규민이가 없으면 안 될 줄 알았어요. 그때는 진짜 오매불망 규민이밖에 몰랐어요.",성해은,negative,attention,"정규민은 성해은과 여행을 자주 갔던 과거를 회상하며, 당시에는 성해은이 전부였고 없으면 안 될 줄 알았다고 말하며 과거에 대한 감정을 드러냄."
정규민,,둘의 추억이 담긴 영상이 하나씩 있는 게 되게 좋더라고요. 어디 이제 여행 갈 때마다 영상 찍어가지고 남겨뒀던 것 같아요.,성해은,positive,attention,"정규민은 성해은과의 추억이 담긴 영상을 좋게 생각하며, 여행 갈 때마다 영상을 찍어 남겼다고 회상한다."
성해은,,"규민이가 저를 그냥 남겨주고 싶어서, 저를 많이 찍었었어요.",정규민,negative,emotion_polarity,정규민에 대한 부정적인 감정을 드러냄. 과거 정규민의 행동에 대한 속상함을 표현.
정규민,,"이게 제 연애 기간이 너무 길어서 그런 건지 모르겠는데, 너무 잘 맞았거든요. 사실 항상 좋았던 것 같아요.",정규민,positive,attention,"정규민은 과거 연애에 대해 '너무 잘 맞았다', '항상 좋았다'고 말하며 긍정적인 감정을 표현하고 있다."
성해은,,"너무 저를 성장시켜주고, 좋은 연애였거든요.",,positive,relationship,화자는 과거 연애가 자신을 성장시켜준 좋은 경험이었다고 긍정적으로 평가하고 있습니다.
정규민,,"해은이라는 사람 자체가 워낙 발랄하고, 해은이랑 같이 있을 때가 제일 재밌었던 것 같아요.",성해은,positive,relationship,정규민은 성해은이 발랄하고 함께 있을 때 가장 재미있다고 언급하며 긍정적인 감정을 표현함.
성해은,,오래 사귀었다고 해서 소홀해지거나 지루하거나 질린 게 전 한 번도 없었어요.,정규민,negative,attention,"오래된 연애에 대한 긍정적 감정을 언급하며, 소홀함이나 지루함을 느낀 적이 없다고 말함. X에 대한 감정을 간접적으로 드러냄."
정규민,,"20년 2월에 헤어졌던 게 그때 제가 이제 되게 아팠었어요. 그때 뮤직비디오 찍고 막 그러던 되게 정신없는 시기에 너무 아파서, 아침에 일어났다 쓰러지고. 그때 당시에 그 친구가 이제 저한테 연락을 했는데",,negative,attention,"정규민은 20년 2월에 헤어졌을 당시 몸이 매우 아팠고, 뮤직비디오 촬영으로 정신없는 시기에 쓰러지기도 했다고 언급하며, 당시 전 연인(X)이 연락을 해왔었다고 회상한다."
성해은,,"자기 나 안 궁금해? 나 어디 가는지 왜 안 궁금해? 제가 어디에 가든 뭘 하든, 규민이가 절 궁금해하지 않았어요.",정규민,negative,emotion_polarity,규민이 자신에게 무관심한 것에 대한 서운함과 속상함을 드러냄.
정규민,,"지금까지 사실 많이 쌓인 것도 있었고, 거기서 그냥 뭔가 툭 끊기듯이 그냥 이 친구랑 안 되겠다 해서 그날 바로 연락을 했던 것 같아요. 전화로 그냥 그만하자고.",,negative,attention,"정규민은 과거 연인과의 관계가 갑작스럽게 단절되었음을 언급하며, 전화로 이별을 통보했다고 말한다."
성해은,,그냥 받아들였어요 그때. 그렇게 끝났어요.,정규민,negative,attention,과거 연애의 끝을 회상하며 체념적인 어조를 드러냄.
정규민,,"그래서 실망을 많이 하기도 했었고, 그때 많이 힘들었었죠. 그냥 심적으로",,negative,emotion,정규민은 과거에 실망과 힘든 감정을 느꼈다고 언급하며 심적으로 어려움을 겪었음을 표현했다.
성해은,,"근데 무엇보다 그 이별을 받아들이게 된 건 같이 있을 때 더 외로웠어요. 규민이 눈빛이나 대화하는 거나 손도 같이 잡는 게 아니고, 나만 잡고 있고, 그냥 그래서 제가 이렇게 운적 되게 많거든요, 같이 있으면서? 너무 확 체감이 되니까.저는 그때가 겨울인데, 너무 아픈 기억이라서 그 이후로 겨울은 너무 싫은 계절이 되었어요. 되게 추웠거든요. 마음도 추웠고, 그냥 그때 진짜 끝이구나? 그때는 진짜 붙잡을 여력이 없더라고.",정규민,negative,emotion_polarity,"함께 있을 때 더 외로움을 느껴 이별을 받아들이게 되었고, 규민의 무관심한 태도에 힘들어했다. 겨울에 이별한 후 겨울을 싫어하게 되었다."
정규민,,제가 좀 차가웠다고 해야 되나? 되게 미워할 수도 있을 것 같고.,,negative,emotion_polarity,"자신이 차가웠을 수 있다는 점과 상대방이 자신을 미워할 수도 있겠다는 생각에 대한 발언으로, 부정적인 감정을 드러냄."
성해은,,"규민이를 제가 그렇게 만든 거고, 아쉬움이 많이 남아요. 다 나 때문이니까. SPEAKER_3 그때는 너무 생각이 어렸고, 좀 너무 미성숙했죠. SPEAKER_1 그래서 미련이 더 남아요. 첫사랑에 미련이 더 남아요. SPEAKER_3 너를 생각하면 떠오르는 일, 나 승무원 준비할 때의 우리. 내가 붙었을 때, 너네 가족한테 알려주고 싶어서 새벽 6시에 일어나서 잠을 못 잤다는 거야. 알려주고 싶어서.",정규민,negative,self-blame and regret,"성해은은 과거 정규민과의 관계에서 자신의 미성숙함으로 인해 관계를 망쳤다고 자책하며 아쉬움과 미련을 표현하고, 첫사랑에 대한 미련을 드러낸다. 또한 승무원 준비 시절 정규민과의 추억을 회상하며 그리워한다."
정규민,,가족들이랑 밥 같이 먹으려면 그쯤 일어나야 되거든,,neutral,일상,가족 식사를 위해 일어나는 시간에 대한 언급.
성해은,,"그것도 너무 고마웠지. 너무 내일처럼 기뻐해주고, 진짜로 나를 생각했던 사람이니까, 그게 너무 고마워.(눈물을 흘리며)",,positive,emotion_polarity,상대방이 자신을 생각해주는 마음에 대한 고마움을 표현하며 긍정적인 감정을 드러냄.
정규민,,"내가 그랬구나, 그때. 진짜 많이 좋아했었나보다. SPEAKER_1 왜 나 따라해.",성해은,negative,attention,"정규민이 과거 성해은을 많이 좋아했음을 언급하며, 과거 회상에 잠김. 다른 출연자의 행동에 대해 언급함."
정규민,,아 이게..(눈물을 흘리며),,negative,emotion,정규민이 눈물을 흘리며 힘들어하는 감정을 표현함.
성해은,,이거 봐(눈물 닦은 휴지를 규민에게 보여주며). ㅎㅎㅎㅎㅎ 주르륵,정규민,negative,emotion_polarity,"눈물을 보인 후 웃으면서 휴지를 보여주는 행동에서 복잡한 감정이 드러나며, 부정적인 감정이 있음을 알 수 있다."
성해은,,그럼 또 지금까지 헤어지고 나를 어떻게 돼? 미웠어 내가?,정규민,negative,attention,정규민에게 헤어진 후 자신을 미워했는지 질문하며 불안감을 드러냄.
정규민,,밉기도 했고 미련도 있었고. SPEAKER_1 미련도 있었어?,,negative,emotion_polarity,정규민은 과거 연애에 대한 미련과 부정적인 감정을 동시에 드러냄.
정규민,,그럼...사실 뭐 관계가 망가진 게 진짜 한쪽만의 책임은 절대 아니니까. --------- SCENE2 22:00 - 24:40 ------------------,,neutral,statement,관계가 망가진 것은 한쪽의 책임만은 아니라는 의견을 표현함.
정규민,,그때는 좀 놀랐죠 아..오나 보다.,,neutral,attention,"""오나 보다""라는 언급을 통해 특정 인물에 대한 주목을 표현했지만, 감정적인 방향성은 중립적임."
성해은,,"갑자기 제가 나타났는데 규민이가 엄청 놀라겠다, 얼마나 놀랄까, 어떤 마음일까, 나 보고. 안녕하십니까. 안녕하세요.",정규민,불안,attention,성해은이 갑작스러운 자신의 등장에 정규민이 놀랄 것 같다는 생각과 그 심정에 대한 궁금증을 드러냄. 정규민에 대한 감정적 초점이 드러남.
정규민,,"저는 정규민이라고 하고. SPEAKER_1 반갑습니다 SPEAKER_3 먼저 달려가서 마중 나가기보다는 다른 사람들 나갈 때까지 기다렸다가 좀 천천히 나갔던 것 같아요. 그냥 엄청 멀찍이서 이제 약간 '안녕하세요?' 이런 느낌으로. 해은이가 등장하고 난 거가 신경을 크게 안 쓰려고 노력하기도 했고, 실제로도 신경이 크게 안 쓰이기도 했고. SPEAKER_1 지금 남자들이 다 간 거야, 나 왔는데? 좀 그렇긴 하다, 그쵸? SPEAKER_3 (규민이 해은 옆을 지나쳐감) (해은이 규민을 바라보며) SPEAKER_1 남자분들이 다들 일찍 방에 들어가셨어요. 여자들 4명이서만 술 마셨어요. 규민이는 저 본체도 안 했고요. 그래서 그게 상처가 되게 컸던 것 같아요. 너무하죠. SPEAKER_3 규민은 조용히 해은의 캐리어를 해은 몰래 해은의 방으로 옮긴다. 해은은 규민을 의식하며 거실을 서성인다. ---------------- SCENE3 24:40 - 26:43 ------------------ 데이트를 아무와도 나가지 않고 혼자 방에 남은 해은. 나연과 데이트를 나가는 규민을 보는 해은. 두 사람에게 애써 웃으며 배웅하지만, 나연과 규민이 사라지자 해은은 화장을 하면서 슬픈 감정을 추스린다.",성해은,negative,emotion_polarity,"해은이가 등장했을 때 신경을 안 쓰려고 노력했지만, 남자들이 다 방에 들어가고 해은이 자신을 쳐다보지도 않아서 상처를 받았다고 말함."
성해은,,"규민이가 저 혼자 있는 것도 봤을 텐데.(눈물을 흘리며) 그리고 이거 진짜 다 그냥 우연히 이렇게 된 거잖아요. 첫날부터... 나연님이 제가 봤을 때는 규민이가 마음에 든다고 하시고, 두 사람이 데이트도 나가는 모습도 보고 어우 근데 그런 거랑 상관없이 일단 너무 속상했어요. 속마음 문자 보내는 중",정규민,negative,emotion,성해은은 정규민이 혼자 있는 것을 봤을 텐데 우연히 이렇게 된 상황에 대해 속상함을 느끼며 눈물을 흘림. 특히 첫날부터 이나연이 정규민에게 호감을 표현하고 데이트하는 모습에 더욱 속상해함.
정규민,,"나연이한테 보냈어요. 같이 하루 종일 데이트하고, 마지막에 술도 같이 마시면서 여기 들어오고 나서 제일 크게 호감을 느끼고, 제일 재밌고 즐거웠어요. 좀 설렜던 것 같아요. 그래서 되게 좋기도 했고, 왜 이렇게 그...무장해제 되는지 모르겠어요.",,positive,emotion_expression,"정규민은 나연과의 데이트가 즐거웠고 설렜으며, 나연에게 호감을 느꼈다고 표현함."
이나연,,규민 님한테 문자했죠. 규민 오빠한테. 이제 오빠라고 불렀어요. 데이트때부터 너무 당연하게 보냈어요. 저는. 너무 좋았기 때문에. 해은이 규민에게 문자를 보냈다.,정규민,positive,emotion_polarity,"규민에게 호감을 느껴 문자를 보냈고, 오빠라고 부르기 시작하며 데이트가 좋았음을 표현함."
정규민,,좀...의아하다. 왜? 왜 나를? 그런 느낌?,,negative,불안,자신에게 호감을 보이는 이유에 대한 의아함과 혼란스러움을 표현하며 불안감을 드러냄.
성해은,0.95,"저는 어쨌든 제 마음은 규민이라는 게 변함이 없어서 어쩔 수 없이 규민이한테 보내게 됐어요. 어쨌든 걔는 데이트를 하고 왔을 거잖아요. 너무 재밌.. 받지 않았으면 하는 마음에 적당히만 재밌게 놀고 왔길 바라라고 보냈어요. 그래서 앞에 있는 사람을 두고 다른 사람한테 보낸다는 게 진짜 너무 이러면 안 될 것 같았는데, 제 마음이 계속 규민이다 보니까, 제 앞에 있는 히두씨를 고르기에는 저를 속이는 것 같아서 그냥 예의상 보내는 건 저는 아닌 것 같아서 어쨌든 제 솔직한 마음은 계속 규민이인 게 변함이 없으니까 규민이한테 보냈고, 재료 마냥 좋았지만은 않았어요. 그냥 계속 규민이 생각이 계속 컸었던 것 같아요.",정규민,negative,emotion_polarity,"성해은은 자신의 마음이 정규민에게 향해있어 어쩔 수 없이 정규민에게 메시지를 보냈으며, 다른 사람에게 보내는 것이 옳지 않다고 생각하면서도 마음이 계속 정규민에게 향해있어 솔직한 마음을 따랐다고 말함. 데이트를 하고 왔을 정규민이 너무 재밌게 놀지 않았기를 바라는 마음을 표현하며, 정규민에 대한 마음이 계속 컸다고 언급함."
Unknown,0.0,감사합니다.,,positive,emotion_polarity,감사 인사를 통해 긍정적인 감정을 표현함.
성해은,0.95,너무 너무 좋음. 알고 있었어. 예상은 그래도 하고 있었는데 무너지는 것 같았어.,,mixed,emotion,성해은은 좋음과 무너지는 감정을 동시에 느낌. 예상은 했지만 무너지는 감정을 느낌.
성해은,0.95,근데 안 보내는... 그게 아니고... 그 표에 행방이 너무나도 또렷해 보여서 그래서 아쉬웠어요.,정규민,negative,attention,"상대방의 표정에서 자신의 감정이 너무 드러나 보이는 것에 대한 아쉬움을 표현하며, 부정적인 감정을 드러냄."
성해은,0.95,이제 혜윤 님.,,neutral,none,성해은이 다른 출연자(혜윤)를 언급함
Unknown,0.0,うんね.,,neutral,no emotion,상대방의 말에 대한 짧은 동의 또는 확인.
Unknown,0.0,정답!,,positive,response,정답이라고 긍정적으로 반응함
Unknown,0.0,"나 동감일 것 같아요. 아냐, 스물일곱 정답, 스물... 아니야, 아니야, 스물이 어떻게 돼?",,neutral,unsure,나이를 확인하는 과정에서 혼란스러워하는 발언.
성해은,0.95,"감사합니다. 저 옮기면 될까요? 네, 아, 진짜?",,positive,social,"상대방에게 감사 인사를 전하고, 상황에 대한 질문에 답하며 대화를 이어가려는 모습에서 긍정적인 태도가 드러난다."
Unknown,0.0,"여기 딱 사이다. 반갑다, 친구야. 저랑 옮기시죠.",,positive,social,사이다를 마시며 친구에게 반가움을 표현하고 함께 자리를 옮기자는 제안을 하는 발언
Unknown,0.0,둘은 나이 알구나.,,neutral,general,나이를 알고 있는지에 대한 질문
Unknown,0.0,여기!,,neutral,response,단순한 응답 또는 지시를 나타내는 발화입니다.
Unknown,0.0,"아, 잠시만요, 수고하셨습니다.",,neutral,일상,상대방의 수고에 대한 감사 표현
Unknown,0.0,"너 떨려. 뭐라고 떨려? 근데 27이라니까? 27이야, 26이야.",,neutral,age_inquiry,화자는 상대방에게 떨리는 이유를 묻고 나이를 확인하고 있다.
Unknown,0.0,사실 266789 맞죠?,,neutral,none,특정 사실 여부를 확인하는 중립적인 질문
성해은,0.95,음.. 그러면 저는 찍었네요.,,neutral,none,자신이 무언가를 선택했음을 간접적으로 언급하는 발언.
Unknown,0.0,어두운 아이돌이야?,,neutral,Uncategorized,아이돌의 콘셉트에 대한 질문
Unknown,0.0,헐!,,neutral,reaction,"화자는 놀라움을 표현하는 감탄사를 사용했지만, 특정 감정이나 대상에 대한 언급은 없습니다."
Unknown,0.0,진짜 동안이시다.,,positive,compliment,상대방의 외모에 대한 칭찬.
Unknown,0.0,너 진짜 너무 흥미로워.,,positive,emotion_polarity,화자가 상대방에 대해 흥미를 느끼고 있다고 표현함.
Unknown,0.0,저 6기 아저씨가..,,neutral,mention_other,화자가 다른 출연자를 언급함
성해은,0.95,유일한 동갑이네.,정규민,neutral,relationship,정규민이 유일한 동갑이라는 사실을 언급하며 친밀감을 표현하려는 발언
성해은,0.95,"이 시드님, 이 시드님.",,neutral,mention_other,이시드 님을 언급함.
Unknown,0.0,"바로 말하면 돼요? 아니, 앉아요. 여러분 와서 앉아요. 그럼 어린가 보다.",,neutral,uncategorized,"출연자들에게 앉으라고 권유하며, 상대방의 나이를 짐작하는 발언을 함."
성해은,0.95,"알고 보니 궁금하네. 아니, 알고 보니 엄청 많을 수도 있어요.",,neutral,uncertainty,새로운 사실에 대한 궁금증과 그로 인한 다양한 가능성에 대한 언급
Unknown,0.0,"제일 연장자로 추정하시던데 시청해주셔서 감사합니다. 가끔 어려 보이고 싶기도 하긴 한데, 아, 근데 저는 익숙해서 땜에 롯데 오펜하이킹 적어 보이진 않는데? 저 딱 중간에 감사합니다.",,neutral,self_description,"자신을 소개하며 시청자에게 감사 인사를 전하고, 가끔 어려 보이고 싶지만 현재 나이에 익숙하다고 말함."
Unknown,0.0,친구 친구 그치? 그치? 스물여섯? 진짜 동마비예요?,,neutral,relationship,"상대방의 나이와 직업에 대해 질문하며, 친구 관계임을 확인하는 발언."
정규민,0.9,"네, 맞아요, 아, 아파 나 그럼 잠깐만, 내가 최연장자야?",,negative,emotion_polarity,"""아파""라는 단어를 통해 부정적인 감정을 드러냄."
성해은,0.95,너가 지금 최언니야? 최언니? 나연아.,,neutral,none,성해은이 나연에게 최언니인지 묻는 질문.
성해은,0.95,"말 놔도 되지, 안녕히 계세요, 아니, 나 오늘 스케이트 탔단 말이야. 오늘 스케이트 어땠어? 진짜 잘 타. 언니는? 나도 잘 타. 둘은 잘 탔네? 근데 손 잡고 탄 거 아니야? 손을 잡고 탔다고? 아니, 끌어줬어.",,neutral,일상 대화,"성해은이 스케이트 탄 경험에 대해 이야기하며, 다른 사람들의 스케이트 경험을 묻고 손을 잡고 탔는지 질문함."
Unknown,0.0,"으음, 눈썹이 너무 아파, 감사합니다.",,positive,emotion_expression,눈썹 통증을 호소하며 '감사합니다'라고 말함.
Unknown,0.0,안녕. 서로 엑스랑 데이트 했네요? 그러네요.,,neutral,attention,상대방과 서로 전 연인과 데이트한 사실을 언급하며 대화를 시작함.
Unknown,0.0,하필 왜 서로 둘이 눈물...,,negative,emotion_polarity,눈물을 보이는 상황에 대한 부정적 감정 표현
성해은,0.95,내 터널을 구축하라고 이걸 사줘가지고 와 진짜...,,negative,emotion_polarity,누군가가 터널을 구축하라고 사준 것에 대한 불만을 표현하고 있습니다.
Unknown,0.0,롱 엄청난 데이트를 하셨더라고요?,,neutral,none,상대방의 데이트에 대해 언급하는 발언
Unknown,0.0,"롯데월드 전체 대관을 해서 나도 롯데월드 가고 싶다고 했는데, 저는 X랑 4년 가까이를 만나면서 스케이트장을 딱 한 번밖에 안 가봤어요.",,negative,attention,X와 4년 가까이 만났지만 스케이트장을 한 번밖에 가지 못한 경험에 대한 아쉬움을 드러냄.
Unknown,0.0,"자기는 일할 때도 맨날 스케이트를 신기 때문에 저랑 놀 때도 스케이트를 신고 싶지 않다라고 말했거든요. 이렇게 서운해해서 싸우기도 했었는데, 근데 그거 듣고 저 진짜 눈물이 막 헛도 눈물로 시청해주셔서 감사합니다.",,negative,emotion_polarity,상대방의 행동에 서운함을 느껴 싸웠던 과거를 회상하며 부정적인 감정을 드러냄. 눈물이 났었다고 언급하며 속상했던 감정을 표현.
Unknown,0.0,트위터는 없어요.,,neutral,neutral,화자는 트위터 계정이 없다고 언급했습니다.
Unknown,0.0,"나랑은 절대 안 가더니 너무 질투나고 너무 서운하고, 사실 저는 데이트를 즐겁게 하고 왔잖아요.",,negative,emotion_polarity,"화자는 다른 사람과의 데이트에 질투와 서운함을 느끼며, 자신의 즐거운 데이트 경험을 언급하며 감정을 표현하고 있다."
Unknown,0.0,이런 감정이 드는 게 맞나 싶더라고요.,,negative,emotion_polarity,"화자는 현재 느끼는 감정에 대해 혼란스러워하며, 부정적인 감정을 느끼고 있음을 간접적으로 표현하고 있다."
성해은,0.95,"오늘 근데 데이트 진짜 부럽다. 어, 근데 좋았지? 좋았어 좋았어. 너 좋았어? 어, 나 완전 좋았어. 익선두? 그럼 너 몇 시에 들어왔어?",,positive,emotion_expression,"성해은이 데이트에 대한 부러움과 긍정적인 반응을 보이며, 상대방의 데이트 경험에 대한 만족도를 확인하고 자신 또한 매우 좋았다고 표현함. 이후 데이트 상대의 귀가 시간을 질문함."
Unknown,0.0,우리가 나오지.,,Neutral,General,출연자들이 프로그램에 나오는 것에 대한 일반적인 언급입니다.
성해은,0.95,근데 나 오늘 완전 취해가지고. 심어졌어? 심어졌거든?,,중립,상태 언급,"술에 취한 상태를 언급하고, 어떤 상황이 발생했는지 확인하는 발언이다."
성해은,0.95,"너 술 원래 못해? 나 술 완전 잘해. 그래? 우리 가서 2병, 4병 마셨어. 소주도 4병. 그래서 그냥 술이 술술 들어간답다. 근데 진짜 재밌었고 좋았어.",,positive,emotion_polarity,"""재밌었고 좋았어""라는 언급을 통해 긍정적인 감정을 표현함."
Unknown,0.0,마음 어때? 평감이요? 문자 오늘 보냈어 언니? 문자 보냈어 서로 근데 있을 때 보내라고 오지 않았어?,,neutral,unknown,"상대방의 마음을 묻고, 문자를 주고받았는지 확인하는 발언."
성해은,0.95,같이 있을 때? 너도 그랬어? 나는 그랬어. 서로 보냈어. 대면하고 있는데 문자 왔었거든?,정규민,neutral,situation,"성해은은 정규민과 함께 있을 때 서로 문자를 주고받았던 경험을 이야기하며, 대면하고 있는 상황에서도 문자가 왔었다고 언급한다."
Unknown,0.0,추억드립니다.,,neutral,none,과거의 기억이나 경험을 상기시켜주는 것을 제공하겠다는 의미로 해석될 수 있습니다.
Unknown,0.0,저한테 자랑하시더라고요.,,neutral,none,화자는 상대방이 자신에게 자랑했다고 언급하고 있다.
Unknown,0.0,회원님이 그리고 서로를 마주 보면 그걸 확인했다고 새로운 사람을 만나서 설레고 서로에게 호감도 분명 있었을 텐데 그 상황에서 서로를 마주 보며 속마음 문자를 보내고 속마음을 확인한다? 가까워지기에는 너무나 좋은 환경이죠.,,positive,general,"새로운 사람과의 만남에서 설렘과 호감을 느끼고, 서로의 속마음을 확인하는 상황이 관계 발전에 긍정적인 환경임을 언급."
Unknown,0.0,실제로는 많이 가까워진 것 같더라.,,neutral,observation,화자는 다른 사람들이 가까워진 것 같다고 언급하며 상황을 관찰하고 있다.
성해은,0.95,침대에 누워서 얘기하는데 그리고 규린이는 저한테 문자로 보낸 적이 없거든요.,,neutral,statement,규린이가 자신에게 문자를 보낸 적이 없다고 말함.
성해은,0.95,그러면 그 문자의 행방은 나연 씨인 게 너무 확실한 것 같아서 너무 아파요.,,negative,emotion_polarity,문자의 행방이 나연 씨인 것 같아서 아프다고 말함.
성해은,0.95,서로 보내고 있네 쓸 것 같아서.,,neutral,observation,누군가가 무언가를 쓰고 있는 상황을 관찰하고 언급함.
성해은,0.95,희두씨랑 데이트할 때도 저는 규민이한테 보냈잖아요. 근데 나연씨가 서로 문자도 보냈겠네요 했을 때 저는 서로 보냈다고 했어요. 다른 사람한테 보냈겠지만 하면 좀 의심 가니까 아. 근데 참..,정규민,negative,attention,"성해은은 과거 정규민에게 문자를 보냈던 경험을 언급하며, 김나연이 다른 사람에게 문자를 보냈을 가능성에 대한 의구심을 드러내고, 복잡한 감정을 표현함."
Unknown,0.0,그 장면이 상상이 가는 거예요. 근데 저는 한 번 갔다 했잖아요. 그때가 정말 좋은 기억이었어요. 거의 저를 운전했거든요. 뒤에서 막 이렇게 태워주고 끌어주고 근데 들어보니까 그걸 그대로 해드린 것 같더라고요.,,positive,attention,"화자는 과거 좋은 기억을 떠올리며, 상대방이 다른 이에게 자신과 비슷한 행동을 한 것에 대해 언급하고 있다."
Unknown,0.0,뭐 우리 밖에 없고 즐겁고 스케이트 해가지고 로맨틱하고 재밌고 룸메이트니까 더 전 솔직히 질투를 느꼈거든요. 혜연 언니한테 그거 자체도 감정이 조금 힘들었고 감사합니다. 계속 봐야 돼.,성해은,mixed,emotion,"화자는 현재 상황에 대해 즐거움과 로맨틱함을 느끼지만, 다른 사람에 대한 질투심과 감정적 어려움을 동시에 표현하고 있으며, 감사함도 느끼고 있다고 말함."
Unknown,0.0,근데 데이트가 너무 상했대.,,negative,emotion_polarity,데이트에 대한 부정적인 감정을 표현함
성해은,0.95,근데 진짜 언제 해보겠어?,,neutral,general,미래에 대한 기대감을 드러내는 질문
Unknown,0.0,롯데월드 그룹은 다 불 꺼져 있었어?,,neutral,observation,롯데월드 그룹의 소등 여부에 대한 질문
성해은,0.95,"네, 다 불 꺼져 있었어.",,neutral,observation,"주변 상황에 대한 진술로, 감정적인 내용이 직접적으로 드러나지 않습니다."
Unknown,0.0,놀이기구 탔어?,,neutral,general,놀이기구 탑승 여부를 묻는 질문
성해은,0.95,"놀이기구 탔어. 다 꺼져 있었어. 되게 내 로망이다, 그 야간... 그리고 스케이트장도 꺼져있었어요.",,neutral,event_description,놀이기구와 스케이트장이 꺼져 있는 야간 풍경에 대한 감상을 표현함.
성해은,0.95,"아무도 없었긴 했지, 우리만 타긴 했지. 그리고 다 꺼져있고.",,neutral,recollection,"성해은은 과거 특정 상황에 대해 회상하며, 함께 탑승한 사람이 없었고 모든 것이 꺼져 있었다고 언급함."
성해은,0.95,잘 먹자. 먹으세요. 먹으세요. 먹겠습니다. 잘 먹겠습니다.,,neutral,일상,식사 시작 시 하는 인사말.
Unknown,0.0,한 명 안 오지 않았나? 나 밥 먹었대요? 몰라요. 안 먹었대요 아마 오늘 못 가. 아 배고프면 드세요 먼저. 배고픔 보호하지 못해. 원우 드세요 원우 드세요 태희님이 잘 챙겨주시던데 기다리시던데요?,,neutral,observation,"Unknown은 다른 출연자가 식사를 했는지 묻고, 배고프면 먼저 식사하라고 권유하며, 특정 인물이 다른 출연자를 잘 챙겨주고 기다린다는 정보를 전달한다."
Unknown,0.0,어느정도는 있는 것 같아요 약간 오해하기 좋은 그런 포인트들이 하필 히두씨 있을 때 보이는 것 같아요 근데 그 생각은 안 해봤어?,,중립,상황 언급 및 질문,"화자는 오해하기 쉬운 포인트들이 히두가 있을 때 보이는 것 같다고 말하며, 상대방에게 그 생각을 해봤는지 질문한다."
Unknown,0.0,나 문득 그런 생각 들어 태희가. 좀 나연을 마음에 들어하는 것 같은?,,neutral,attention,태희가 김나연을 마음에 들어하는 것 같다는 언급이 있습니다.
Unknown,0.0,그럴 수도 있죠 그럴 수도 있지 그러니까 나연 씨가 위로를 해줬잖아 태희 씨를 옆에서 도닥도닥 해주고 그래서 태희가 뭔가 좀 나연한테 마음이 좀 열리는 것 같은 느낌?,,중립,상황 설명,나연이 태희를 위로해주는 모습에 태희가 나연에게 마음을 여는 것 같다고 언급함.
Unknown,0.0,일로 와 근데 왜 했으시 갑자기? 사와서 장 볼 때 사와봐요.,,neutral,instruction,상대방에게 특정 물건을 사오라고 요청하는 발언.
Unknown,0.0,짠할까요?,,neutral,none,Unknown 화자가 '짠할까요?'라고 질문했습니다.
Unknown,0.0,저 잔 없는데 잠깐만 아 내가 갖고 올게 있어요? 네.,,neutral,routine,잔이 없음을 인지하고 가져오겠다고 말함.
Unknown,0.0,가기 전에 받아가세요. 얼어요.,,neutral,unclassified,"음료나 음식을 챙겨주는 상황으로 보이나, 감정적인 요소는 드러나지 않아 중립적인 발화로 분류됨."
Unknown,0.0,하나 더 가져오면 안 돼요? 왜? 뭐니까?,,neutral,question,"상대방에게 무언가를 더 가져올 수 있는지 묻고, 그 이유를 질문함."
Unknown,0.0,아 한 병 더?,,neutral,Uncategorized,술을 더 마실지 묻는 발언.
Unknown,0.0,ㅎㅎㅎㅎㅎ 눈 조여야 돼 표정! 이 새끼들 봐라.,,negative,general,누군가에 대한 부정적인 감정을 드러내는 발언.
Unknown,0.0,아니 저거는 표정 너무 리얼한 거예요. 저 표정은 태희 봐라 이것도 아니야. 어쩌 저 브릿지 봐라 이거야.,,neutral,appearance,"화자는 누군가의 표정이 너무 리얼하다며, 특정 출연자의 외모(브릿지)에 대한 감탄을 표현하고 있다."
SPEAKER_6,,브릿지?,,neutral,uncategorized,화자는 '브릿지'라는 단어를 언급했습니다.
Unknown,0.0,제대로지?,,neutral,confirmation,상대방에게 어떤 내용이 제대로 되었는지 확인하는 발언
Unknown,0.0,"솔직하시네, 근데 표정을 잘 못 숨겨요. 포커페이스가 안돼요.",,neutral,observation,"화자는 상대방이 솔직하지만 표정 관리가 어렵다고 언급하며, 포커페이스가 안 된다고 지적한다."
Unknown,0.0,"근데 딱 정말 히두 씨 등장과 함께 태희 씨가 나연 씨에 대한 감정이 좀 보이니까, 정말로 맞아 맞아 계속 보여져요.",,중립,상황 언급,히두 등장 후 태희가 나연에게 감정을 보이는 모습이 관찰됨.
Unknown,0.0,"히두 씨의 시선이 계속 밟혀, 그 둘이가 아 이거 재밌어지겠다. 재밌겠는데?",,positive,emotion_positive,두 사람의 관계가 재밌어질 것 같다는 기대감을 드러냄.
Unknown,0.0,나도 3등 들어왔거든.,,Neutral,None,화자는 본인도 3등으로 들어왔다는 정보를 공유하고 있습니다.
Unknown,0.0,"아, 진짜로?",,neutral,reaction,상대방의 말에 대한 단순한 반응.
Unknown,0.0,내가 번호 완전 잘 기억한단 말이야. 뭐하고 있었어? 뭐하고 있었어 거기서?,,neutral,initiative,상대방에게 뭐하고 있었는지 질문하며 대화를 시작하려는 시도를 보임.
정규민,0.9,그냥 얘기 좀 하고 있었어.,,neutral,relationship,"정규민은 단순히 이야기를 나누고 있었다고 언급하며, 특별한 감정이나 관계에 대한 언급은 없습니다."
Unknown,0.0,오오오오오오오 끝날까요?,,neutral,uncertainty,"방송 종료에 대한 단순한 질문으로, 감정이나 특정 인물에 대한 관심이 드러나지 않음."
Unknown,0.0,"아, 와인 사왔는데.",,neutral,etc,와인을 사왔다는 언급
정규민,0.9,내가 가면 안 돼 오빠가 가면 되잖아.,정규민,negative,갈등,정규민이 가는 것에 대한 불만을 표현하며 갈등을 드러냄.
Unknown,0.0,어.,,neutral,response,상대방의 말에 대한 짧은 대답.
정규민,0.9,다들 잘하네.,,neutral,general,다른 출연자들의 행동이나 능력에 대한 일반적인 언급.
정규민,0.9,근데 어제 많이 취했던데?,,neutral,social,상대방의 어제 음주 여부에 대해 질문하는 발언.
Unknown,0.0,너무나 취한 것 같아.,,neutral,neutral,화자는 자신의 상태가 술에 취한 것 같다고 말하고 있습니다.
정규민,0.9,내 차에 젤리 막 다 쏟아져 있던데? 무슨 헨젤과 그레텔마냐?,,중립,일상 대화,차에 젤리가 쏟아진 상황에 대한 가벼운 불평
Unknown,0.0,미쳐버렸어. 저 눈빛 무서워 죽겠어. 히두씨 입장에서는 태희씨 그냥 친한.. 이렇게 되는 줄 알았는데? 알았는데? 규민 씨랑 이렇게 또 데이트를 했네? 둘이 막 술 많이 먹었네? 취했네?,정규민,negative,emotion_polarity,"정규민과 김태희의 데이트에 대한 불안과 질투를 드러내며, 정규민의 행동에 대한 부정적인 감정을 표현함."
Unknown,0.0,젤리 다 쏟았네?,,neutral,observation,젤리를 쏟은 상황에 대한 단순한 언급
Unknown,0.0,그러니까 이제 두 명이 거슬리는 거지.,,negative,emotion_polarity,화자는 두 명의 인물이 거슬린다고 말하며 부정적인 감정을 드러냄.
Unknown,0.0,눈이 동그래지셨어요.,,neutral,non-sentiment,상대방의 외모에 대한 관찰을 진술함
Unknown,0.0,히도 씨 입장에서는 딱 이 집에서 자기 편은 원빈 씨밖에 없네요. 지금은 이제 원빈 말고는 니들은 보자 이거야.,,neutral,neutral,"화자는 히도 씨의 입장에서 이 집에서 원빈 씨만이 유일한 편이라고 언급하며, 다른 사람들에게는 '두고 보자'라는 태도를 보인다고 말함."
Unknown,0.0,히도 씨 입장에서는 대체 내가 없을 때. 그렇지. 왜냐하면 이게 시청해주셔서 감사합니다.,,neutral,none,"발화 내용이 불완전하고, 특정 감정이나 의도를 파악하기 어려움."
Unknown,0.0,내가 아무리 늦게 들어왔다 그래도 따라갈 수 없을 만큼의 사이가 돼버리면 저 표정이 나올 수밖에 없지.,,negative,negative_emotion,늦게 합류하여 관계에 적응하지 못하는 상황에 대한 속상함과 불안감을 드러냄.
정규민,0.9,근데 어제 많이 취했던데?,,neutral,social,정규민이 상대방에게 어제 술에 취했는지에 대해 질문하는 발언.
Unknown,0.0,너무나 취한 것 같아.,,neutral,neutral,화자는 자신의 상태가 술에 취한 것 같다고 말하고 있습니다.
정규민,0.9,내 차에 젤리 막 다 쏟아져 있던데? 헨젤과 그레텔마냐?,,중립,일상 대화,차 안에 젤리가 쏟아진 상황에 대한 가벼운 불평
Unknown,0.0,그 재미가 근데 왜 차이 있지?,,neutral,general,상대방에게 재미의 차이가 발생하는 이유에 대해 질문하는 발언.
정규민,0.9,어제 네가 술 마시고 오면서 젤리 마켓에서 먹었거든.,,neutral,event,정규민이 어제 술을 마시고 젤리 마켓에서 젤리를 먹었던 경험을 이야기함.
Unknown,0.0,비밀로 하기로 했잖아요.,,negative,갈등,비밀을 지키지 않은 것에 대한 불만이나 서운함을 표현하는 발언
성해은,0.95,곳곳에 있어서 다 같이 저녁 먹는데 근데 규민이가 또 나연씨 마주 보는 자리에 앉아서 나는 몰리는데 둘이서만 자꾸 교류가 있는 모습을 보니까 자꾸 너무... 우리 나가서 다 같이 얘기하고 있는데 저 혼자 울고 있으면 안 되니까 기를 쓰고 참습니다.,정규민,negative,emotion,"성해은은 정규민과 김나연이 서로 교류하는 모습을 보며 힘들어하고, 울음을 참으려 애쓰는 감정을 드러냄."
Unknown,0.0,이거 입을 씻었지?,,neutral,일상,음식을 먹은 후 입을 헹궜는지 확인하는 질문.
Unknown,0.0,규민 오빠예요. 전날 데이트에 좋았던 감정이 계속 이어졌어요 다음 영상에서 만나요!,정규민,positive,emotion_polarity,전날 데이트에 좋았던 감정이 계속 이어진다고 말하며 긍정적인 감정을 표현함
Unknown,0.0,근데 그거 먹으면 그니까 그것도 아직 아무도 못 받은 사람이에요 그건 진짜 괴물인 것 같아.,,negative,general,아직 아무도 받지 못한 사람이 괴물 같다고 표현하며 부정적인 감정을 드러냄.
정규민,0.9,너는 여기서 잘 지내고 있구나. 나는 여기서 지내는 게 조금은 쉽지 않아 이 느낌으로 안 했을 거라고 생각해요.,,negative,negative_feeling,정규민은 현재 상황에 대한 어려움을 토로하며 쉽지 않다고 언급함.
정규민,0.9,가만있어. 별 생각 없었어요.,,neutral,neutral,정규민은 특별한 생각 없이 있었다고 말하며 중립적인 태도를 보임.
성해은,0.95,잘 친해 보이는 게 좋지 않아요.,,positive,relation,다른 사람들과 잘 지내는 모습에 대한 긍정적인 언급
성해은,0.95,초반부에서 난 안 좋아.,,negative,emotion_polarity,자신에 대한 부정적인 감정을 표현함
성해은,0.95,근데 규민이가 자꾸 이렇게 다같이 있는 자리에서 특히나 저가 더 슬프다는 걸 알까?,정규민,negative,emotion_polarity,규민이가 자신의 슬픔을 알아줄지 걱정하며 부정적인 감정을 드러냄.
성해은,0.95,시청해주셔서 감사합니다.,,neutral,closing,시청자에게 감사를 표하는 마무리 발언입니다.
Unknown,0.0,알아줬으면 좋겠기도 하고 한 잔 남아가지고 먹고 들어가야지 먹을 타이밍을 못 잡아도 시청해주셔서 감사합니다.,,neutral,gratitude,"시청자에게 감사 인사를 전하며, 술을 마시려는 상황에 대한 언급이 있습니다."
정규민,0.9,데이트하고 술 마시고 들어오면서 나연이가 또 젤리를 먹었던 걸로 기억을 하는데 차 뒷좌석에 젤리가 막 떨어져 있더라고요. 자석 밑에 떨어져 있고 안전벨트 구멍에 들어가 있고 귀엽다는 생각이 들죠.,김나연,positive,affection,정규민은 김나연의 젤리 먹는 모습과 차 뒷좌석에 젤리가 떨어진 것을 보고 귀엽다고 생각하며 호감을 표현함.
Unknown,0.0,이따가 좀 들려드릴게요.,,neutral,N/A,화자는 상대방에게 무언가를 들려줄 예정임을 언급합니다.
Unknown,0.0,이따가 좀 기다려주세요.,,neutral,initiative,"""기다려달라""는 표현에서 관계 유지를 위한 소극적 의사 표현으로 판단됨."
Unknown,0.0,이거 알았네. 홈블리도 아마 잘 안 해줬을까?,,neutral,unknown,홈블리 서비스 이용 경험에 대한 추측성 발언
Unknown,0.0,냉살이 가득 가득하지 모르겠다.,,negative,emotion_polarity,화자는 스스로의 감정이 냉정하다고 느끼고 있습니다.
Unknown,0.0,잘생겼어.,,positive,emotion_polarity,외모에 대한 긍정적 평가
성해은,0.95,작년 생일은 같이 못 보냈는데 올해는 같이 보내니까 그걸 어떻게 지나쳐요? 못 지나치겠어서 준비했었는데 입주하고 너 생일이잖아 그러더라.,정규민,negative,attention,"작년에 함께 보내지 못한 생일을 올해 함께 보내는 것에 대한 감정을 표현하며, 상대방의 생일을 챙기려 했던 과거를 회상하는 발언에서 '너'는 정규민을 지칭하는 것으로 해석될 수 있음."
정규민,0.9,그래서 나 생일파티 가족들이랑 미리 했어.,,neutral,일상,정규민은 가족들과 미리 생일 파티를 했다고 언급함.
Unknown,0.0,아 진짜?,,neutral,uncategorized,상대방의 말에 대한 단순한 반응.
정규민,0.9,되게 간단하게 감사합니다. 맛있겠어.,,positive,gratitude,간단한 감사 인사를 표현하며 긍정적인 반응을 보임.
Unknown,0.0,감사합니다.,,positive,emotion_polarity,감사 인사를 통해 긍정적인 감정을 표현함.
정규민,0.9,그게 내가 24살인가 때 가족들이랑 거기서 밥 먹었었는데 그때도 먹으면서 나중에 혜연이랑 데이트할 때 와야지 했었는데 그 생각이 나더라고요.,성해은,positive,attention,정규민은 과거 가족과 식사하며 성해은과 데이트할 것을 상상했던 경험을 회상하며 긍정적인 감정을 드러냄.
성해은,0.95,아 진짜?,,neutral,response,상대방의 말에 대한 단순한 반응.
성해은,0.95,그러지.,,neutral,agreement,상대방의 제안이나 의견에 동의하는 발언
성해은,0.95,ㅎㅎㅎㅎㅎ 규민이 생일이 5월 14일인데 원래 입주 예정일이 딱 그날이었거든요 그래서 제가 규민이 앞에 진짜 선물처럼 나타날 수 있을 줄 알았어요 그리고 그게 예정치 못하게 그렇게 되지 못한 것도 너무 아쉽고 감사합니다. 진짜 이 선물뿐만 아니고 나의 존재 자체가 선물이었으면 하는 마음이 너무 컸었거든요 그래서 아쉬웠어요.,정규민,복합적,회상,"정규민의 생일에 맞춰 입주하려 했으나, 계획대로 되지 않아 아쉬워하며 자신의 존재가 선물이었으면 하는 마음을 드러냄."
성해은,0.95,몰래라도 깨민이한테 주고 싶었던 그 생일 선물이 있었는데 아직도 못 줬었거든요 안녕히 계세요.,정규민,negative,attention,"정규민에게 주지 못한 생일 선물에 대한 아쉬움을 표현하며, 부정적인 감정을 드러냄."
성해은,0.95,그래서 방에 몰래 가서 어떤 게 규민이 가방일까 기웃기웃해보긴 했는데 혹시나 또 룸메한테 발견될까 봐도 아직 못 죽었거든요.,정규민,negative,attention,정규민의 가방을 찾으려 했지만 룸메이트에게 들킬까 봐 두려워하는 발언에서 불안감을 드러냄.
Unknown,0.0,근데 저 양질의 토크 한번 해도 돼요? 지금 X 아니어도 데이트하면 뭐해요? 그래? 나는 내 코스를 짜고 싶은데 잘 모르겠더라고 근데 다들 뭐 하는지 궁금했어요 다들 집에서 있다든지 영화를 본다든지 밥 먹고 영화 보고 응.,,neutral,curiosity,"출연진들의 데이트 코스에 대한 궁금증을 표현하며, 자신의 데이트 코스 계획에 어려움을 토로함."
성해은,0.95,나 진짜 헬스장 데이트 좋아했어. 좋아했어? 했어요? 나 한 번도 해본 적 없어. 그래서 진짜 운동했지. 이제 한 세트 끝나면 한 세트 하고. 한 세트 끝나면 한 세트 하고. 그게 된다고? 나 너무 좋았지. 그리고 끝나고 소고기 먹으러 가고.,,positive,relationship,헬스장 데이트와 데이트 후 소고기 먹는 것에 대한 긍정적인 감정을 표현함.
Unknown,0.0,"좋다! 너무 좋지? 너무 좋아. 너무 좋아. 근데 같이 운동하고 같이 소고기를 먹을 수 있는 거 쉽지 않아. 쉽지 않아, 진짜.",,positive,emotion_polarity,화자는 '좋다'라는 감정을 반복하며 긍정적인 감정을 표현하고 있다. 운동과 소고기를 함께 할 수 있는 상황에 대한 어려움을 언급하며 현실적인 어려움에 대한 인식을 드러낸다.
Unknown,0.0,그것도 진짜 맞아야 하는 거야 오빠는요?,,neutral,question,상대방에게 어떤 것이 맞아야 하는지 묻는 질문.
정규민,0.9,응?,,neutral,none,정규민의 단독 발화로 감정이나 의도를 파악하기 어려움
정규민,0.9,특별한 데이트? 얘기해보세요.,,neutral,relationship,정규민이 데이트에 대한 이야기를 시작하도록 요청하는 발언
Unknown,0.0,기억에 남는 데이트 그냥 평소 데이트?,,neutral,relationship,기억에 남는 데이트에 대한 질문
정규민,0.9,"근데 나는 그냥 솔직히 말해서 평범한 데이트를 많이 했던 것 같아. 그냥 뭐 카페 가고 밥 먹고 근데 나는 그냥 같이 있는 사람이 중요한 거 같아서 응, 나는 같이 있는 사람이랑 재밌었어서 그래서 그냥 평범한 데이트를 해도 그게 평범하게 느껴지진 않았던 것 같아요.",,positive,relationship,정규민은 평범한 데이트를 했지만 같이 있는 사람이 중요해서 즐거웠다고 말함.
Unknown,0.0,근데 다음 영상에서 만나요.,,neutral,closing,화자가 영상 마무리 멘트를 하며 다음 만남을 기약하고 있다.
Unknown,0.0,응.,,neutral,response,상대방의 말에 대한 단순한 긍정 응답.
Unknown,0.0,지금 이 기회를 틀면서 먹을 거 찾는 건 뭐야?,,중립,일반,현재 상황에 대한 질문
Unknown,0.0,그만. 쥐.,,neutral,none,화자가 짧게 말함
Unknown,0.0,아니 술을 먹으려면 전 규민 오빠한테 문자 보냈어요. 은근히 맨날 봤는데도 밖에서 보니까 또 약간 색다르더라고요.,정규민,positive,attention,"정규민에 대한 호감을 드러내며, 그를 '오빠'라고 지칭하고, 밖에서 다시 보니 색다르다는 감정을 표현함."
Unknown,0.0,근데 그냥 따뜻한 느낌?,,positive,emotion_expression,따뜻한 느낌을 표현하는 발언
정규민,0.9,앰플 워치 저는 지수한테 보냈어요. 그날 하루를 지수가 나를 되게 행복하게 해줬고 같이 있어서 너무 즐거웠고 오늘이 재밌었긴 했지만 시청해주셔서 감사합니다. 다른 사람이랑도 데이트 해봐야지. 이런 감사합니다.,None,positive,relation,"정규민은 지수에게 앰플 워치를 보냈으며, 지수가 자신을 행복하게 해줬고 즐거웠다고 말함. 다른 사람과도 데이트 해봐야겠다고 언급하며 감사 인사를 전함."
Unknown,0.0,멸망하는 게임인가? 그게 뭐야?,,neutral,general,게임의 종류에 대해 질문하는 발언
성해은,0.95,저는 규민이 선택했었어요.,정규민,neutral,attention,"과거에 정규민을 선택했었음을 언급하며, 정규민에 대한 과거의 관심 또는 감정을 나타냄"
성해은,0.95,"일이 아니고 데이트 때문에 얼굴을 보지 못한 거였으니까, 그 와중에도 나는 너 생각하고 있으니까, 비타민 먹으면서라도 내 생각해주고 영양 잘 챙기라고 계속 제가 규민이 생각하는 마음을 전하고 싶었습니다.",정규민,positive,emotion_polarity,"정규민에 대한 애정을 표현하며, 그를 생각하는 마음을 전달하고 싶어함."
정규민,0.9,잘 챙겨 먹고 있어요.,,neutral,일상,정규민이 상대방에게 잘 챙겨 먹고 있는지 묻는 발언.
정규민,0.9,"매일 하나씩 먹고 있고, 먹을 때 같이 있는 사람 있으면 나눠 먹고 그러고 있어요.",,neutral,일상,"정규민이 매일 무언가를 먹고 있으며, 다른 사람과 함께 있을 때 나눠 먹는다는 내용."
Unknown,0.0,오케이!,,neutral,response,상대방의 말에 동의하는 긍정적인 반응
성해은,0.95,"전혀 아무렇지 않았고, 제가 안 받아도 그.. 당신의 입술은 선택하지 않았습니다.",정규민,negative,emotion_polarity,전혀 아무렇지 않았다는 말과 '당신의 입술은 선택하지 않았다'는 언급을 통해 부정적인 감정을 드러냄.
성해은,0.95,그래서 그렇게 슬펐어.,,negative,emotion_polarity,화자는 과거에 슬펐던 경험에 대해 이야기하며 부정적인 감정을 드러냄.
성해은,0.95,고맙습니다.,,positive,emotion_polarity,감사함을 표현하는 긍정적인 발언
성해은,0.95,"안녕. 아, 나는 표 안 받아도 되니까, 그냥 그 문자 안 왔으면 좋겠어요.",,negative,emotion_polarity,문자 메시지에 대한 거부감을 드러내며 부정적인 감정을 표현함.
성해은,0.95,"규민이가 선택을 안 하면 좋은데, 어쨌든 누구를 선택한 거잖아요? 나한테 안 갔다는 거 그게 아파서 안 올 것 같은데, 오면은 너무 기쁘겠지만 어려울 것 같아요.",정규민,negative,emotion_polarity,정규민이 자신을 선택하지 않은 것에 대한 아픔과 그가 오지 않을 것 같다는 불안감을 표현하고 있다. 그러나 한편으로는 그가 와주기를 바라는 기쁨의 감정도 내비치고 있다.
성해은,0.95,"기대를 안 하나 봐요, 이제 너무 숨막혔어요.",,negative,emotion_polarity,숨막히는 감정에 대한 토로
성해은,0.95,이번에는 진짜 지목 데이트잖아요.,,neutral,general,지목 데이트에 대한 언급
성해은,0.95,"답변자 입장으로 들어가다 보니까, 아무것도 얘기 안 하고 싶고, 진실을 알려주기 싫고, 불안의 장소였어요.",,negative,emotion_polarity,성해은은 답변자 입장이 되어 아무것도 얘기하고 싶지 않고 진실을 알려주기 싫었으며 불안했다고 토로함.
Unknown,0.0,안녕.,,neutral,greeting,화자가 인사말을 건넴.
Unknown,0.0,안녕!,,neutral,greeting,화자가 인사말을 건넴.
Unknown,0.0,규민이랑 얼마나 만났어?,정규민,neutral,relationship,정규민과의 교제 기간을 묻는 질문
Unknown,0.0,규민이랑 1년 만났어.,정규민,neutral,relationship,정규민과의 1년 교제 사실을 언급함
Unknown,0.0,언제 만났어?,,neutral,attention,상대방과의 과거 만남 시점에 대한 질문
성해은,0.95,1년 전쯤이었어.,,neutral,attention,1년 전을 언급하며 과거 회상
성해은,0.95,"헤어진 지 얼마나 된 거지? 헤어진 지 1년 됐고, 1년 정도 만났어. 시청해주셔서 감사합니다. 감사합니다. 진짜 대답하기 싫었어요.",정규민,negative,attention,"성해은은 헤어진 지 1년 되었고, 1년 정도 만났다고 말하며 X에 대한 언급을 한다. 질문에 대답하기 싫었다고 말한다."
성해은,0.95,"안 그래도 좋게 보는 규민이를 6년이나 사귀었다고 얘기를 하면 더 좋게 볼 것 같아서, 사귄 기간 절대 거짓말해야지.",정규민,positive,attention,"규민에 대해 좋게 보고 있으며, 규민과의 관계에서 긍정적인 인상을 주기 위해 거짓말을 하려는 의도를 드러냄."
성해은,0.95,지금 규민이한테 마음이 있어?,정규민,neutral,question,성해은이 정규민에게 현재 마음이 있는지에 대한 질문
Unknown,0.0,마음이 있어 얼마나? 새로운 사람을 만나고 싶은 마음과 제외하고 싶은 마음이 둘 다 있구나.,,mixed,ambivalence,새로운 사람을 만나고 싶은 마음과 제외하고 싶은 마음이 공존하는 복잡한 심경을 드러냄.
성해은,0.95,제외하고 싶은 마음이 더 큰 것 같아.,,negative,emotion_polarity,상대방을 제외하고 싶다는 부정적인 감정을 표현함.
Unknown,0.0,"으음, 규민이에게 문자를 보낸 적 있어?",정규민,neutral,attention,정규민에게 문자를 보낸 적이 있는지 질문하며 정규민에 대한 관심을 드러냄
Unknown,0.0,나도 있긴 해.,,neutral,neutral,Unknown 화자가 무언가가 있음을 간략하게 언급함.
Unknown,0.0,받은 적은 있어?,,neutral,unknown,상대방에게 무언가를 받은 경험에 대해 질문하는 발화
Unknown,0.0,받고 있어.,,neutral,none,상황에 대한 언급으로 감정이나 특정 대상에 대한 관심이 드러나지 않음
Unknown,0.0,감사합니다. 이 시각 세계였습니다. 오!,,neutral,none,마무리 인사와 감탄사
Unknown,0.0,"와, 지키려고 자기 엑스 지키려고 저렇게 계속 거짓말을 음..",,negative,emotion_polarity,화자는 누군가가 자신의 전 연인을 지키기 위해 계속 거짓말을 한다고 부정적으로 언급하고 있다.
Unknown,0.0,"제외하고 싶다고도 했고, 저한테 거짓말도 했어요.",,negative,emotion_polarity,상대방에 대한 부정적인 감정을 드러냄.
Unknown,0.0,"문자를 받고 있다고 우리 둘이 지금 서로 표현하고 있으니까, 너는 빠져라. 이렇게 느껴지더라고요.",,negative,negative_feeling,문자를 주고받는 상황에서 소외감을 느껴 부정적인 감정을 표현함.
Unknown,0.0,뭐 서운함 보다는 너무 마음이 아팠어요.,,negative,emotion_polarity,화자는 서운함보다는 마음이 아팠다고 말하며 부정적인 감정을 표현하고 있습니다.
성해은,0.95,제가 그걸 말하는 그 사람의 심정은 어떨까요?,,neutral,unknown,화자의 심정에 대한 질문
성해은,0.95,"제가 거짓말을 하고 있는 걸 알지라도, 저는 그냥 제 마음을 표현하고 싶었어요. 이만큼 우리 둘은 견고하다. 아직. 내 위치도 강력하다.",정규민,negative,emotion_expression,"화자는 거짓말을 하고 있다는 것을 알면서도 자신의 마음을 표현하고 싶어하며, 자신과 상대방의 관계가 아직은 견고하고 자신의 위치도 강력하다고 주장한다."
성해은,0.95,여기 와서 규민이랑 대화는 많이 했어?,정규민,neutral,attention,성해은이 정규민과의 대화 여부를 질문하며 정규민에게 관심을 보임.
성해은,0.95,그래도 생각보다 많이 했어.,,neutral,none,성해은이 무언가를 한 것에 대해 스스로 평가하는 발언.
성해은,0.95,만날 때 누가 더 좋아했어?,정규민,neutral,relationship,성해은이 정규민과의 과거 연애에 대해 질문을 받음
성해은,0.95,규민이에게 훨씬 더 많이 사랑받았었어.,정규민,negative,attention,"과거 정규민에게 더 많은 사랑을 받았다고 언급하며, 과거 회상과 현재 상황에 대한 감정적 대비를 드러냄."
성해은,0.95,자기소에서 유민이가 너 때문에 고생했다고 그랬잖아.,성해은,negative,attention,자기소개에서 이주미가 성해은 때문에 고생했다고 언급한 것에 대한 언급.
성해은,0.95,무슨 고생을 했어?,,neutral,question,상대방의 어려움이나 고생에 대해 묻는 질문
성해은,0.95,"그냥 짜올 일이 많았는데, 내가 생각했을 때는 내가 미안한 일들이 많더라고.",,negative,emotion_polarity,자신이 미안한 일들이 많았다고 말하며 부정적인 감정을 드러냄.
성해은,0.95,"잘 못해줬던 거야? 후회가 많이 됐었어. 규민이가 해준 거에 비해서. 내가 많이 못해준 것 같아서, 제가 봤을 때 헤어짐의 그 규책은 규민 오빠의 X한테 있었던 것 같아요. 후회하는 것 같았어요.",정규민,negative,emotion_polarity,과거에 정규민에게 잘해주지 못했던 것에 대한 후회와 헤어짐의 원인이 정규민의 전 연인에게 있었다고 생각하며 후회하는 감정을 드러냄.
성해은,0.95,규민이가 이번에 데이트 했잖아. 기분이 어땠어?,정규민,negative,emotion_polarity,정규민의 데이트에 대한 질문에 부정적인 감정을 드러냄
성해은,0.95,네. 좋진 않더라고 네.,,negative,emotion_polarity,좋지 않다고 말하며 부정적인 감정을 드러냄.
성해은,0.95,내가 데이트를 해도 괜찮을까?,,neutral,initiative,성해은이 데이트 가능성을 묻는 발언을 통해 관계 형성을 시도하고 있다.
성해은,0.95,그것도 좋지 않을 거 같아.,,negative,emotion_polarity,"제안에 대한 거절 의사를 간접적으로 표현하며, 부정적인 감정을 내비치고 있다."
성해은,0.95,내가 질문해도 될까? 응.,,neutral,initiative,질문해도 되는지 상대방에게 허락을 구하는 발언.
성해은,0.95,규민이를 알아가고 싶은 거야? 규민이한테 호감이 있는 거야?,정규민,positive,emotion_polarity,규민에 대한 호감 여부를 묻는 질문에 대한 답변이므로 긍정적인 감정으로 분류될 수 있음
성해은,0.95,반 반? 호감이 없진 않아.,정규민,positive,emotion_polarity,정규민에게 호감이 완전히 없는 것은 아니라고 말하며 긍정적인 감정을 드러냄.
성해은,0.95,어떤 모습에 호감을 느낀 거야?,,positive,emotion_polarity,"상대방의 어떤 모습에 호감을 느꼈는지 물어보는 발언으로, 긍정적인 감정을 표현하고 있다."
성해은,0.95,좀 성숙하고 따뜻한 모습?,성해은,positive,appearance,자신의 성숙하고 따뜻한 모습에 대한 긍정적 언급
성해은,0.95,기미는 생각보다 엄청 차가운데 따뜻한 모습만 봤어?,정규민,중립,상황 설명,정규민의 차가운 모습에 대한 언급
성해은,0.95,"내가 잘 못 본 건가? 따뜻해 보였어. 웅 잘못 봤을 수도 있고, 음 차가운 모습이면 좀 무뚝뚝한 스타일인가?",,neutral,impression,"성해은은 상대방의 인상에 대해 질문하며, 따뜻함과 차가움 중 어떤 모습인지 궁금해한다."
성해은,0.95,무뚝뚝하고 표현도 많이 어색하고 서툰 편이지.,정규민,negative,description,화자는 상대방이 무뚝뚝하고 표현이 서툴다고 언급하며 부정적인 감정을 드러냄.
Unknown,0.0,기분이 차가운데?,,neutral,none,화자는 상대방의 기분이 차가운지 묻고 있다.
Unknown,0.0,이러는 거예요.,,neutral,none,상황에 대한 묘사 또는 설명으로 감정이나 특정 대상에 대한 언급이 없어 중립적인 발화로 분류됨.
Unknown,0.0,제가 정말 다시 번복하길 바랬나 봐요.,,negative,emotion_polarity,화자는 상대방이 자신의 결정을 번복하길 바랐다는 사실에 대해 부정적인 감정을 드러내고 있다.
성해은,0.95,그럼 마지막으로 규민이 취향 알려줄 수 있어? 음식이나 영화나 노래 이런 거 마지막쯤에 그게 저는 나연이라고 확신을 했거든요. 왜냐면 채팅룸에서 물어봤었을 때도 규민희 씨가 좋아하는 취향 같은 거 있어? 영화라든지 음악이라든지 그걸 물어봤었어요. 나연이가 근데 이번에도 그 변조된 목소리가 그걸 물어보더라고요. 그래서 나연이구나.,정규민,neutral,statement,"성해은은 마지막 채팅에서 정규민의 취향을 묻는 사람이 김나연이라고 확신했다고 말했다. 채팅룸에서 김나연이 정규민의 취향을 물어봤었고, 이번 변조된 목소리도 같은 질문을 했기 때문이다."
성해은,0.95,"규민이 취향은 딱히 없고, 규민이가 호불호가 있는 편이 아니라서 기분이 취향이란 게 딱히 없어.",정규민,neutral,statement,"정규민의 취향이나 호불호가 뚜렷하지 않다고 언급하며, 기분에 따라 취향이 달라지는 것 같다고 말함."
성해은,0.95,그냥 착한 사람 좋아해.,,positive,emotion_polarity,착한 사람을 좋아하는 감정을 표현함
성해은,0.95,규민이랑 연애할 때 장단점 하나씩 말해줄 수 있어?,정규민,neutral,relationship,정규민과의 연애에 대한 질문에 답변을 요청받음
성해은,0.95,"건강하게 생활하려고 노력하는 편이라서 좋고, 단점은 자존심이 좀 세.",성해은,positive,self_description,"자신에 대해 건강하게 생활하려 노력하는 점이 좋다고 말하며 긍정적으로 평가하고, 단점으로 자존심이 센 것을 언급함."
성해은,0.95,너한테도 자존심을 많이 부렸어?,정규민,negative,emotion_polarity,자존심을 부렸다는 언급을 통해 부정적인 감정을 간접적으로 드러냄
성해은,0.95,그런 모습들이 있었지.,,neutral,reminiscence,과거의 특정 모습에 대한 회상
성해은,0.95,오늘 조언해줘서 고마워.,,positive,emotion_polarity,상대방에게 고마움을 표현하는 발언
성해은,0.95,내일 기대돼.,,positive,emotion_polarity,내일에 대한 긍정적인 감정을 표현함
성해은,0.95,잘 못 들었어. 내일 기대될 데이트가 음. 기대돼.,,positive,emotion_polarity,내일 데이트에 대한 기대감을 표현함
성해은,0.95,데이트를 한 번 했었을 때보다 더 기대돼?,,positive,emotion_polarity,성해은이 데이트에 대한 기대감을 드러냄
Unknown,0.0,네.,,neutral,response,대화에 대한 긍정 응답
Unknown,0.0,어우.. -------------------------------------------- 씬 1 해은 독백,,neutral,none,감정을 드러내지 않는 단순한 감탄사
패널,,하아..,,negative,emotion_polarity,한숨을 쉬며 부정적인 감정을 드러냄
패널,,무슨 백분처럼 보는 것 같아 미쳐버리겠다.,,negative,emotion_polarity,미쳐버리겠다는 감정적 표현에서 부정적 감정이 드러남.
패널,,진짜 혜은씨의 마음이 너무 처절하게 느껴져요.,성해은,negative,emotion_polarity,성해은의 감정에 대한 처절함을 언급하며 부정적인 감정을 표현함
Unknown,0.0,네.,,neutral,response,단순 응답
패널,,약간 혜윤 님이 오히려 저렇게 방어를 함으로써 그만큼 규민 님이 좋은 사람이라는 걸 느껴서 더 저렇게까지 방어하는 거 보면 정말 좋은 사람이거든요.,정규민,positive,emotion_polarity,규민이 좋은 사람이라는 것을 느껴서 혜윤이 방어하는 것 같다는 발언
패널,,그만큼 뺏기기 싫은가?,,negative,emotion_polarity,질투심을 드러내는 발언
패널,,그래서 더 데이트하려고 그런..,,neutral,initiative,데이트를 하려고 하는 의도에 대한 언급
패널,,나연 씨는 알거든 같이 이렇게 술도 먹어가면서 이 사람 어떤 사람인지 알잖아. 우리가 만나가지고 긴 시간 얘기를 하다 보면 근데 현실이 그걸 다 쳐내는 거잖아.,,negative,갈등,"출연자 나연을 통해 상대방을 알게 되지만, 현실적인 문제로 관계가 어려워짐을 토로함."
성해은,,"도와줘, 너무 절망적이었어요.",성해은,negative,emotion_polarity,화자는 절망적인 감정을 표현하고 있다.
성해은,,또 상대가 나 기대돼 하고 끝났었거든요.,,neutral,attention,"상대가 자신에게 기대하고 있다는 사실을 언급하며, 상대방에 대한 감정적 초점을 드러냄."
성해은,,거기에 슬퍼하고 있는데 또..,,negative,emotion_polarity,"슬픔을 느끼는 상황에 대한 언급으로, 부정적인 감정을 표현함."
성해은,,그 문자가 와서 진짜 무너졌어요. 마음이 .,,negative,emotion_polarity,문자를 받고 마음이 무너졌다고 말하며 부정적인 감정을 표현함.
성해은,,두 번째로 문자를 받은 거니까 또 세 번째도 있나 둘 다 했을 것 같아요.,,neutral,speculation,성해은은 문자를 두 번 받은 상황에서 세 번째 문자를 받을 가능성에 대해 추측하고 있다.
성해은,,물론 거짓말은 하긴 했지만 데이트하려는 여자들한테 내가 알려주는 상황 자체가 너무 아팠어요.,,negative,emotion_polarity,데이트 상황을 알려주는 것 자체가 괴롭다고 토로함.
성해은,,"그리고 두 명이나 규민이 지목한 것도 아팠고, 나는 이렇게 계속 힘든데.. 규민이는 또 내일 행복하겠다.",정규민,negative,emotion_polarity,"규민이 자신 외 다른 여성을 지목한 것에 대한 아픔과 힘든 감정을 토로하며, 규민이는 앞으로 행복할 것이라는 부정적인 감정을 드러냄."
성해은,,싶은 생각도 들고,,neutral,neutral,특별한 감정이나 의도를 드러내지 않는 중립적인 발언입니다.
성해은,,흑흑..흑흑흑....,,negative,emotion_polarity,슬픔으로 인해 울고 있음. 부정적인 감정이 드러남.
성해은,,후.. 후.. ------------------------------------------ 씬2 해은규민 숙소대화,,None,None,성해은의 한숨
성해은,,근데 우리만 말 안 놓은 거 아세요?,,neutral,social,"성해은이 다른 출연자들은 말을 놓았지만, 자신과 특정 인물만 말을 놓지 않았다는 사실을 언급하며 사회적 관계에 대한 인식을 드러냄."
정규민,,아..,,neutral,response,"단순한 감탄사로, 특별한 감정이나 의도를 드러내지 않음."
성해은,,네. 좀 티난다고 생각 안 하세요?,,neutral,general,상대방에게 어떤 행동이 눈에 띄는지 묻는 질문.
정규민,,응? 말을 많이 못해봐가지고,,neutral,lack_of_interaction,정규민이 다른 출연자들과 충분히 대화하지 못했음을 언급하며 어색함을 표현함.
성해은,,저희 둘만 동갑인데 말을 계속 안 놓고 있어요.,,negative,관계,동갑인데 말을 놓지 않는 것에 대한 불편함을 토로함.
정규민,,말 편하게 하세요. 그러면.,,neutral,relationship,상대방에게 편하게 말할 것을 제안하는 발언.
정규민,,말 편하게 하시죠.,,neutral,relationship,정규민이 상대방에게 편하게 말하자고 제안함.
정규민,,말을 많이 못해봐서 어색해가지고 편하게 하시죠 그러면 그렇게 계속 구경만 하지 말고 개던가?,,neutral,social,"정규민이 상대방에게 어색함을 느끼고 편하게 대화하자고 제안하며, 소극적인 태도를 지적하고 있다."
성해은,,ㅎㅎㅎㅎㅎ 기다리고 있었어요.,,positive,emotion_polarity,상대방을 기다렸다는 긍정적 감정을 표현함
성해은,,행복하세요?,,positive,emotion_polarity,"상대방의 행복을 묻는 발언으로, 긍정적인 관심을 표현함"
성해은,,(다른 출연자 등장) 이거 이렇게 개는 거 아니에요?,,neutral,instruction,다른 출연자에게 방법을 묻는 중립적인 발언
성해은,,그렇게 어떻게 개요?,,neutral,none,상대방의 말을 이해하지 못하거나 되묻는 질문
정규민,,마음대로. 마음대로 하세요.,,neutral,response,"상대방에게 결정을 맡기는 발언으로, 특별한 감정이나 의도를 드러내지 않습니다."
성해은,,아니 그게 부러워서 물어보는 건데?,,neutral,none,상대방의 질문 의도에 대한 해명
패널,,왜 와서 구경해?,,neutral,general,상대방의 행동에 대한 질문
패널,,쟤 왜 저렇게 구경하고 있어?,,중립,관찰,다른 출연자의 행동에 대한 단순한 관찰
패널,,왜 저렇게.. 나 근데 진짜 원빈 좋았는데 제발 좀 나가줘 한 번만. 진짜. 진짜 오늘 원빈인가. 거기서 뭐해 진짜. 제발. 제발. 그러니까 원빈 갖고 왜 나왔어 여기서. 아니. 그 둘 사이에 왜 껴왔잖아. 원빈이 수건 잘 개는 거 알거든? 아 근데 제발!,,negative,emotion,"원빈이라는 인물에 대한 강한 부정적 감정을 드러내며, 특정 상황에서 벗어나기를 간절히 바라고 있다. 원빈이 다른 두 사람 사이에 끼어든 상황에 대한 불만을 표현하며, 원빈에 대한 강한 반감을 드러내고 있다."
패널,,아 진짜 제발 제발! 제발!,,negative,emotion_polarity,화자가 '제발'이라는 단어를 반복하며 부정적인 감정을 강하게 드러내고 있습니다.
패널,,"방해하지 마라, 제발.",,negative,general,대화 중단을 요청하는 발언
패널,,저 규민 씨가 아까 수건 던져준 거에서부터 그냥 마음 다 풀렸거든요?,정규민,positive,emotion_polarity,정규민이 수건을 챙겨준 행동에 마음이 풀렸다고 말함
패널,,"나 원빈 너무 사랑해, 근데..",,positive,emotion_polarity,원빈에 대한 강한 애정을 표현함
성해은,,아니 그게 불어서 물어보는 건데.,,neutral,none,상황에 대한 설명으로 감정이나 의도를 직접적으로 드러내지 않음
성해은,,이거?,,neutral,unknown,단순 질문
박원빈,,그냥 제가 느꼈을 때는 그렇게 서로 얘기하는 모습이 자기 전 X랑 얘기하는 것처럼 보였어요.,,negative,attention,"박원빈은 성해은과 정규민이 대화하는 모습이 과거 자신의 X와 대화하는 모습과 비슷하다고 느꼈다고 발언하며, X에 대한 언급을 하고 있다."
정규민,,저는 그게 맞는 거 같은데?,,neutral,agreement,정규민은 상대방의 의견에 동의하고 있다.
패널,,아이고. 아 진짜. 역시 원빈. 민수가 정말 빨라요.,,중립,일반 감상,원빈의 외모에 대한 감탄과 민수의 빠른 행동에 대한 언급.
성해은,,이거 가지고 제가 그거 좋아하고 있으니까 그거 가질게요.,,positive,emotion_polarity,"""좋아한다""는 직접적인 언급을 통해 긍정적인 감정을 표현함."
정규민,,이거 정리할게요.,,neutral,meta,발화 내용 요약 또는 정리 의사를 밝힘
성해은,,감사합니다.,,positive,emotion_polarity,감사 인사를 통해 긍정적인 감정을 표현함.
정규민,,네.,,neutral,response,정규민의 긍정 또는 부정의 감정 표현이 없는 단순 응답
정규민,,아니 미쳤어요 어떻게든 뺏어가려고,,negative,emotion_polarity,정규민은 누군가가 무언가를 뺏어가려고 하는 상황에 대해 분노를 느낀다.
성해은,,아냐 아냐 아냐 아냐 아냐 아냐 죄송해요.,,negative,apology,미안함을 표현하는 발언
성해은,,유리가 같으시네요.,,neutral,none,유리(출연자 이름)가 같다는 언급.
정규민,,나 지금 힘이 없어서..,,negative,emotion_expression,정규민이 현재 힘이 없다고 말하며 부정적인 감정을 표현함.
성해은,,"네네, 힘이 없어 보이는데 저보다.",,negative,emotion_polarity,힘이 없어 보인다는 말에서 부정적인 감정이 드러난다.
정규민,,네.,,neutral,response,정규민의 긍정 또는 부정의 감정이 드러나지 않은 단순 응답
정규민,,어우 뭐.. 뭘 하러 가시죠?,,neutral,question,상대방의 목적지를 묻는 질문
성해은,,네,,neutral,response,단순 응답
정규민,,올라가실 거예요? 저는 그냥 잠깐 바람 좀 쐬고 싶어서 뭐지?,,neutral,unknown,"정규민이 혼잣말로 올라갈 것인지, 바람을 쐬고 싶은 것인지에 대해 생각하는 발언이다."
성해은,,뭐하세요?,,neutral,question,상대방의 행동을 묻는 질문
성해은,,담배 피우지 앉..앉을래?,,neutral,initiative,상대방에게 흡연을 제안하며 대화를 시작하려는 시도로 보입니다.
패널,,아!,,neutral,none,감정이나 의도를 특정하기 어려운 단순 반응
패널,,그래! 원했어 이 그림 원했어 진짜 이 그림 진짜 우리가 원했던 그림이잖아 왜 앉을래 하나에 며칠을 소비했어 와 진짜 10화야 지금 왜 이 그림을 만들라고 며칠을 됐어 제발 조금만 친절하게 대해줘요. 대화를 좀 해주고 그냥 제발 왜 내 마음이 녹지 근데? 어떤 대화라도,,negative,emotion_polarity,"그림을 만드는 과정이 힘들었음을 토로하며, 상대방에게 친절하게 대해주고 대화를 해달라고 호소하는 발언."
성해은,,나 이거 처음 앉아 봐.,,neutral,general,처음 앉아보는 것에 대한 단순 언급
정규민,,아 진짜? 여기 시원하고 좋아,,positive,emotion_polarity,정규민은 장소에 대해 긍정적인 감정을 표현함.
성해은,,왜 이렇게 저한테 거리를 두세요.,,negative,갈등,상대방이 자신에게 거리를 두는 것에 대한 불만과 서운함을 표현하는 발언
정규민,,"아니, 그런 게 아니고.. 오늘은 오로지 그냥 내가.. 내가 힘들어가지고",,negative,emotion_expression,정규민은 힘든 감정을 토로하며 어려움을 표현함.
성해은,,왜?,,neutral,uncategorized,"질문에 대한 직접적인 답변이 없는 짧은 발언으로, 감정이나 특정 대상에 대한 언급이 없어 감정 분석 및 관계 분석이 어렵습니다."
정규민,,그냥 이것저것 일이 많아서,,neutral,general,"정규민은 여러 가지 일로 바빴음을 언급하며, 구체적인 감정이나 대상에 대한 언급은 없습니다."
성해은,,그냥 체력적으로 힘들어?,,neutral,none,체력적인 어려움을 묻는 질문
정규민,,체력적으로도 그렇고 감정적으로도 그렇고 쉽지 않지,,negative,negative_emotion,"체력적, 감정적으로 힘든 상황에 대한 언급"
성해은,,세상 신나 보이시던데?,,neutral,none,상대방의 기분을 묻는 질문
정규민,,오늘은 진짜 하나도 안 신났어,,negative,emotion,정규민은 오늘 전혀 신나지 않았다고 부정적인 감정을 표현함.
성해은,,오늘 바쁘지 않으셨어요?,,neutral,inquiry,상대방의 바쁜 정도를 묻는 질문
정규민,,이거 계속 힘들었지,,negative,emotion_polarity,정규민은 상대방이 힘들어했던 과거에 대해 언급하며 안타까움을 드러내고 있습니다.
성해은,,그래요?,,neutral,uncategorized,상대방의 말에 대한 단순한 동의 또는 확인 응답
정규민,,나 잠깐 얘기해야 될 사람이 있어가지고.좀 쉬다 나올래?,,neutral,initiative,정규민이 누군가에게 잠시 이야기를 해야 한다며 쉬었다 나오자고 제안하며 대화를 주도하려는 모습을 보임.
성해은,,나 할 말 있어서 잠깐 나갈게 하고 갑자기 나갔거든요 나연이랑 방에 가서 얘기하더라고요 나도 방에 들어가야되는데.. 둘이 꽤나 오랫동안 이야기 하더라고요 --------------------------- 씬 3 규민해은 대화,정규민,negative,불안,성해은은 김나연과 정규민이 함께 방에 들어가 오랫동안 이야기하는 상황에 불안감을 느낀다.
정규민,,괜찮아?,,neutral,question,상대방의 상태를 묻는 질문
이나연,,모가?,,neutral,question,상대방의 말을 되묻는 질문
정규민,,그냥 그냥 물어보는 거야 너가 그때 데이트하고는 되게 힘들었다고 했잖아,성해은,negative,attention,정규민이 성해은에게 과거 데이트가 힘들었는지 물어보며 X에 대한 언급을 함.
이나연,,으응 오늘은 행복했는데?,,positive,emotion_polarity,오늘 하루가 행복했다고 말하며 긍정적인 감정을 표현함.
정규민,,아 그래?,,neutral,response,상대방의 말에 대한 단순한 반응.
이나연,,응 ㅎㅎ,,positive,none,긍정적인 반응을 보임
정규민,,나도..,,neutral,response,상대방의 말에 동조하는 짧은 대답.
이나연,,오빠 많이 힘들어?,,negative,emotion_polarity,상대방의 힘든 상황에 대한 공감과 걱정을 표현하는 발언
정규민,,"아니, 그 정도는 아니고 궁금해가지고 왔어",,neutral,curiosity,"궁금해서 왔다는 발언으로, 중립적인 호기심을 표현함"
이나연,,나 걱정돼서? 너나 잘해~,,negative,갈등,"화자는 상대방에 대한 불쾌감을 드러내며, 자신의 일에 신경 쓰라는 부정적인 감정을 표현하고 있다."
정규민,,아니 알았어 알았어 그만해,,negative,짜증,정규민이 짜증을 내며 상대방에게 그만하라고 말함.
이나연,,아니 장난이야 장난이야 --------------------------------------- 씬3 태이해은 대화,,neutral,none,상대방의 말을 가볍게 받아들이는 발언
김태이,,왜 울어요?,,negative,emotion_expression,상대방의 울음에 대한 질문
성해은,,안 울어요 아니야 내가 그냥..,,negative,emotion_expression,울지 않으려고 하지만 감정이 북받치는 듯한 발언
김태이,,내가 나가 있을게..,,neutral,relationship,김태이가 자리를 비켜주겠다는 의사를 표현함.
정규민,,놀다 잘거지?,,neutral,relationship_maintenance,정규민이 상대방에게 밤에 잘 것인지 묻는 질문.
이나연,,엉,,neutral,response,단순 응답
정규민,,안들어가셨네요?,,neutral,none,상대방의 부재를 확인하는 질문
성해은,,"어떻게 들어가, 너네 얘기하고 있는데",,neutral,statement,다른 사람들의 대화에 참여하는 것에 대한 질문
정규민,,"밖에라도 나가 있을 줄 알았지, 안 추워?",,neutral,question,상대방의 현재 위치와 날씨에 대한 질문.
성해은,,나는 방에 들어가고 싶었거든,,neutral,intention,방에 들어가고 싶다는 의사를 표현함
정규민,,"지금, 지금 비었어 들어가도 될 것 같은데",,neutral,suggestion,정규민이 빈 자리가 있으니 들어가도 될 것 같다고 제안함.
정규민,,괜찮아?,,neutral,question,상대방의 상태를 묻는 질문
성해은,,괜찮지,,neutral,none,상대방의 의견을 묻는 질문
정규민,,"다리, 날에 베인건가?",,neutral,일상,다리에 상처가 났는지 묻는 질문
성해은,,무슨 할 말이 그렇게 많아? 그냥 걱정되는게 있어가지고 물어보려 갔지 그냥 이렇게 얘기했어. 지금 얘기하는 것처럼,,negative,attention,걱정되는 점이 있어 물어보려 했다는 언급을 통해 불안감을 드러냄.
성해은,,굳이?,,neutral,uncertainty,상대방의 제안이나 행동에 대한 의구심을 표현하는 발언
정규민,,아니 나도 걱정되는게 있어가지고,,negative,negative_emotion,정규민은 걱정되는 점이 있다고 언급하며 불안감을 드러냈다.
성해은,,내가 더 걱정 안돼 근데?,,negative,emotion_polarity,화자는 상대방이 자신을 더 이상 걱정하지 않는 것에 대해 서운함을 느끼고 있습니다.
정규민,,괜찮다고 물어봤잖아,,중립,질문,상대방의 상태를 확인하는 질문을 언급함
정규민,,뭐가 그렇게 힘들었을까,,negative,emotion_polarity,"힘들었던 과거에 대한 언급으로, 부정적인 감정을 내포하고 있습니다."
정규민,,"그냥 지금 내가 힘든걸, 똑같이 걸 느끼고 있을 것 같아가지고",성해은,negative,emotion_polarity,정규민은 현재 자신이 느끼는 힘든 감정을 성해은도 똑같이 느끼고 있을 것이라고 생각하며 괴로워하고 있다.
성해은,,걱정이 많이 됐나보다,,negative,emotion_polarity,화자는 상대방에 대한 걱정을 표현하며 부정적인 감정을 드러냄.
정규민,,왜그래 ㅎㅎ,,neutral,question,상대방의 상태를 묻는 질문.
성해은,,웃겨?,,neutral,none,상대방의 질문에 대한 단순 응답
정규민,,왜 그래,,neutral,question,상대방의 상태를 묻는 질문
성해은,,"그렇잖아, 나랑 얘기하다 갔잖아",,neutral,none,상대방이 화자와 대화하다가 다른 곳으로 갔다는 사실을 언급하고 있습니다.
정규민,,원래 얘기하려고 기다리고 있었어,,neutral,initiative,정규민이 상대방과 대화하려는 의지를 드러냄.
정규민,,내가 울고 있는데 그걸 모른 척하고 나연이한테 가서 얘기를 하고 울고 있는 나보다 더 걱정이 되는 게 있나 너무 서운하고 그게 뭐인지도 궁금하고 그리고 그만큼 둘이 아까워졌구나 하는 마음에 아프기도 하고,,negative,emotion_polarity,정규민은 자신이 울고 있는데 나연에게 가서 이야기하는 모습에 서운함과 아픔을 느꼈다고 말함.
정규민,,난 내려갈게,,neutral,일상,정규민이 아래층으로 내려가겠다는 의사를 표현함.
정규민,,그렇게 보지마 들어갈게 들어간다?,,neutral,uncategorized,정규민의 발언은 특정 감정이나 관계에 대한 언급 없이 상황에 대한 묘사로 보입니다.
성해은,,넌.. 나연이는 걱정되고 나는 걱정안돼?,정규민,negative,negative_emotion,상대방에 대한 서운함과 질투를 표현하는 발언
정규민,,걱정돼서 물어봤잖아 아까 와가지고 괜찮냐고,,negative,갈등,"정규민이 상대방에게 걱정돼서 괜찮냐고 물어봤다고 언급하며, 갈등 상황을 내비치고 있다."
정규민,,이거 (상처) 걱정되는거야? -나은,,negative,emotion_polarity,상대방의 상처에 대한 걱정을 표현하며 부정적인 감정을 드러냄.
정규민,,그거 걱정되서 물어봤겠어? 제가 혜연이랑 더 가까워지고 그러면 신경 쓰지 않았던 감정들이 X에 대한 감정들이 확 올까봐 더 거리를 두고 있기는 한 거는 맞는 거 같아요.,성해은,negative,attention,"정규민은 자신이 김혜연과 가까워짐으로써 성해은이 X에 대한 감정이 다시 올라올까 봐 거리를 두고 있다고 언급하며, X에 대한 감정적 영향을 우려하고 있다."
정규민,,"지수가 너무 마음이 많이 쓰여가지고 나연도 그렇고, 그 친구의 감정까지 좀.. 받아들일 수 있는 여력이 안 됐어가지고 혼자 있으려고 하는데 계속 따라다니니까, 아, 좀 진짜 싫더라고요. ----------------------------- 씬 4 패널 대화",,negative,emotion_polarity,"정규민은 지수와 나연에게 마음이 쓰여 다른 사람의 감정까지 받아들일 여력이 없어 혼자 있고 싶어했지만, 계속 따라다니는 행동에 싫다는 감정을 느꼈다."
Unknown,0.0,"본인 인터뷰했던 얘기 토대로 내가 이 감정이 오늘 전 X까지 챙길 수 있을 만한 감정의 방이 없었어요 라고 얘기하면, 난 뭐 이 행동이 좀 이해가 되긴 하는데, 그건 뭐 어떻게 누가 보느냐에 따라서 다른 것 같아. 본인의 말대로 우리가 그걸 보면, 난 또 이해가 돼. 근데 본인이 다 정리가 됐었어도, 꼭 혜연 씨랑 있다가 혜연 씨 보는 앞에서 불러서 혜연 씨 방에서 그렇게 오랜 시간 동안 혜연이 씨를 테라스에 냅두고 대화를 꼭 굳이 했었어야 했나, 그래서 나는 들었던 생각이 굳이라는 뭐 아까도 굳이라는 얘기를 했는데, 근데 진짜 그 정도로 마음이 없나 봐, 그게 안 보일 정도로 그냥 내가 이 사람한테 지금 이렇게 내가 여기서 부르는 게 실수하는 거라고 아예 생각을 못하는 단계인 것 같은. 어떻게 그럴 줄 알았지? 음, 되게 오빠..",,negative,critical,"화자는 상대방의 행동(혜연 씨 앞에서 전 연인인 X를 불러 오랜 시간 대화한 것)에 대해 비판적인 의견을 제시하며, 상대방이 혜연 씨에 대한 배려가 부족하고 상황 판단 능력이 떨어진다고 생각한다. 또한, 상대방이 자신의 행동이 실수라는 것을 인지하지 못할 정도로 마음이 없는 것 같다고 추측하며 실망감을 표현한다."
Unknown,0.0,"아니, 저는 정말.. 왜? 그런 생각이 제일 많이 들었던 게 그렇게 밖에서 불러서 얘기했잖아요. 그러고 얘기 끝나고 나와서 다시 혜은 씨한테 가는 이유를 모르겠었어. 그러니까 저도. 왜?",성해은,negative,emotion_polarity,화자는 상대방이 밖에서 대화 후 성해은에게 돌아간 이유에 대해 이해하지 못하고 혼란스러워하며 부정적인 감정을 드러내고 있다.
Unknown,0.0,"그러니까 뭐냐면 안에서 얘기를 하고 나왔을 때 혜은이 바깥에 아직 아직까지 있을 거라고 예상을 못했던 것 같아, 규민 입장에서. 그래서 왜 안 들어갔어? 왜 여기 있어? 당연히 본능인 거야. 밖에 전 X가 내가 나았을 때 있었던 그곳에 아직도 있다 그러면 누구든 다 들어가지. 누구든 다 들어가도 왜 있어? 라고 물어볼 만한 그 얘기인 것 같기는 해.",정규민,negative,attention,규민이 해은이 X와 함께 있었던 장소에 해은이 있는 것을 보고 '왜 여기 있어?'라고 물어본 상황에 대한 언급.
SPEAKER_11,,어쨌든 지금 사귀고 있는 건 알잖아요. 근데 혜윤 님은 뭔가 아직도 자기 남친인 것처럼 이렇게 하는 것도 어떻게 보면 안 맞는 행동이긴 하거든요.,,negative,갈등,"화자는 현재 사귀는 사람이 있음에도 불구하고, 출연자 '혜윤'이 마치 자신의 남자친구인 것처럼 행동하는 것이 부적절하다고 생각한다."
Unknown,0.0,"규민 님은 어쨌든 지금 새로운 사람 만나는 자격도 있는 거고, 나연이는 걱정이 되는데, 나는 걱정이 안 되고, 이런 얘기 자체가 마음이 지금 없다라고 우리가 생각하는 규민이 이런 얘기를 들으면 들을수록 더 싫어지고, 그래서 그 마음이 결국 인터뷰에서 싫더라고요라는 얘기를 할 수밖에 없게끔 만들어버린 거기까지 감정의 골이 들어가지 않았나?",정규민,negative,negative_emotion,규민에 대한 부정적인 감정이 심화되어 인터뷰에서 싫어하는 감정을 표현하게 된 상황에 대한 언급.
Unknown,0.0,혜윤 씨가 계속 뭐 왜 나는 걱정 안 해 왜 쟤만 걱정하고 왜 방에 들어가서 얘기해 이런 거 자체가 이제 규민 씨는 왜 얘는 지금 나한테 이렇게 여자친구인 것 처럼 그러니깐 더 뭔가 불편해지는 것 같아요.,정규민,negative,emotion_polarity,혜윤이 규민에게 여자친구처럼 구는 태도에 불편함을 느낌.
Unknown,0.0,그 말이 좀 직접적인 말이었던 것 같아요.,,neutral,statement,화자는 앞선 발언이 직접적이었다고 평가함.
Unknown,0.0,왜 나는 걱정 안 해? 그렇게 둘 사이에 가까워졌어? 이런 거 자체가 어떻게 보면 집착같이 느껴질 수도 있어 규민 입장에서 말이야 얘 왜 이렇게까지 얘기하지 나한테? 답답할 수 있죠 두 분의 마음을 다 이해하는데 되게 불편하긴 하고 속상하기도 하고 사람 마음이 이렇게 다른 게 너무 속상하다. ------------------------- 씬5 X룸 방문,정규민,negative,emotion_polarity,"화자는 정규민과 성해은 사이의 가까워짐에 대한 걱정과 불편함, 속상함을 표현하며, 이러한 감정이 집착처럼 느껴질 수 있다는 점을 인지하고 답답함을 느낀다고 말함. 사람 마음이 다른 것에 대한 속상함도 드러냄."
성해은,,음.. 지금까지는 다 X와의 시간을 가지는 게 전혀 없었잖아요. 그리고 이렇게 공식적으로 엑스와의 시간을 가질 수 있게 해주는 게 드디어 왔구나 싶어서 너무 기뻤고 나를 계속 보는 마음은 어떤지 다 궁금했어요.,정규민,positive,emotion_polarity,"X와의 시간을 가지게 되어 기쁘고, 상대방의 마음이 궁금하다고 말함."
성해은,,나나나 편지도 서로 애기 얘기하면서 너무너무 알콩달콩하게 잘 지냈던 시절이 딱 눈에 보이니까 좀 안 믿기기도 하고 슬펐어요.,,negative,emotion_polarity,과거의 행복했던 시절을 회상하며 슬픔을 느낌.
성해은,,군대 때나 지금까지 싸웠었던 행복했던 편지나 다 간직하고 있었다는 게 저도 놀라워요.,정규민,positive,memory,군대 시절부터 지금까지 주고받았던 편지를 간직하고 있었다는 사실에 놀라워하며 행복했던 과거를 회상하는 발언
성해은,,규민이는 항상 저한테 필요한 선물을 센스 있게 항상 줬었어 어떡해..,정규민,negative,emotion_polarity,정규민과의 과거를 회상하며 선물을 언급하는 내용에서 부정적인 감정이 드러남.
성해은,,나 이거 진짜 가지고 싶었는데..,,positive,emotion_expression,가지고 싶었던 물건에 대한 긍정적 감정 표현
성해은,,제가 비행 갔을 때 사준 옷들이 걸려있더라고요.,정규민,neutral,attention,정규민이 과거에 사준 옷을 언급하며 과거를 회상하고 있다.
성해은,,안 버리고 가지고 있었구나.,정규민,neutral,attention,정규민이 과거에 자신과 관련되었던 물건을 버리지 않고 가지고 있었다는 사실을 인지함.
성해은,,"그래서 그거 아직 가지고 있는 게 고맙고, 그때 진짜 너무 좋았었는데 하면서 추억하게 되고, 혜은이가 뭘 하든 응원한다고 규민이가 늘 그냥 저한테는 그런 사람이었거든요.",정규민,positive,emotion_polarity,"정규민에 대한 고마움과 좋았던 과거 추억을 회상하며, 그가 항상 자신을 응원해주는 존재였음을 언급하며 긍정적인 감정을 표현함."
성해은,,"뒤에서 그림자처럼 뭐라든지 응원해주는 사람이었어서 그랬던 시절이 있었는데, 하고 좋기도 했고, 그랬던 규민이 와, 지금 모습이 너무나도 대비돼서 아봤죠?",정규민,negative,emotion_polarity,과거 정규민의 모습과 현재 모습이 대비되어 힘들어하는 감정을 드러냄.
성해은,,너무 지금이랑은 너무 다른 모습의 우리라서 너무 슬펐어요.,,negative,emotion_polarity,현재와 다른 과거의 모습에 슬픔을 느낌.
성해은,,규민이가 저한테 응원해줬던 거들 다 너무 벅차게 행복했는데 또 아픈것들도 있더라구요.,정규민,복합적,감정,규민의 응원에 행복했지만 아픈 감정도 느꼈다는 발언
성해은,,너랑 똑같은 사람을 만나라는 말 아팠어요.,정규민,negative,emotion_polarity,과거 연애에 대한 언급에 부정적인 감정을 드러냄.
성해은,,너는 너랑 똑같은 사람 만나서 그런 연애하라고 제발 가라고 했었어서. 그 말이 다시 회상이 됐었어요.,정규민,negative,emotion_polarity,과거 정규민에게 모진 말을 했던 기억을 떠올리며 괴로워하고 있다.
성해은,,규민이 붙잡으려고 뭐라도 하려고 막 꽉 채워서 쓴 규민이 붙잡는 말들이었거든요.,정규민,negative,attention,규민을 붙잡기 위해 노력했던 과거의 발언에 대한 언급
성해은,,진짜.. 끝인 것 같아서 그 편지를 줄 필요가 없었어서 그 편지는 제가 가지고 있었던 것 같아요.,정규민,negative,attention,성해은은 과거 연애의 끝을 언급하며 편지를 전달하지 않았던 상황을 회상한다. 이는 과거 연인(X)에 대한 간접적인 언급으로 해석될 수 있다.
성해은,,"너무 오래 만났다 보니까 초반 연애처럼 뜨겁지 않은데 더 차갑지도 않고 그냥 잔잔하게 따뜻하게 쭉 갔었던 것 같아요. 다들 20살, 21살 때 막 그렇게 놀고 하던 것을 규민이만 계속 만나다 보니까 이게 20살 중반 되다 보니까 이제 애들 다 놀고 나도 궁금한 거예요.",정규민,복합적,관계,"오래된 연애로 인해 초반의 뜨거움은 사라졌지만 잔잔한 따뜻함이 유지되었고, 20살 초반부터 특정 인물만 만나 다른 경험에 대한 궁금증이 생김."
정규민,,"이제 나이 들면서 자연스럽게 변하겠지만, 어렸을 때는 확실히 내 사람만 보는 사람이었다면 보이잖아요. 점점 나한테 소홀해지고 에너지가 떨어지고, 내가 그 좀 혜은이한테 맞지 않겠다. 이런 생각이 계속 들었던 것 같아요.",성해은,negative,관계,"정규민은 어렸을 때는 내 사람만 보는 사람이었지만, 점점 성해은에게 소홀해지고 에너지가 떨어져 맞지 않겠다는 생각이 들었다고 말함."
성해은,,"스무 살 중반기쯤부터, 막 제가 좀 더 놀고 싶고 연락도 안 하고 친구들하고 술 마시러 나가고, 그렇게 신뢰를 깨트리는 행동을 많이 했었어요. 제가 친구들이랑 놀고 왔던 날이었거든요. 그거 다 걸리고 연락을 아예 안 하고, 그냥 저는 잠든 건데. 근데 그것도 너무 순수했던 우리 혜은이가 놀러 나갔고, 이런 모습을 보다 보니까",정규민,negative,emotion_polarity,"과거에 친구들과 노느라 연락을 소홀히 하고 신뢰를 깨트리는 행동을 많이 했다고 말하며, 이로 인해 갈등이 있었음을 언급함."
정규민,,"실망을 많이 하기도 했었고, 내가 생각했던 사람이랑 좀 다를 수도 있겠다.",,negative,emotion,정규민은 상대방에 대한 실망감과 기대와 다른 모습에 대한 언급을 통해 부정적인 감정을 드러내고 있다.
정규민,,나는 되게 나만 좋아해주고 그런 환상을 가지고 있었던 거죠. 어떻게 보면 그런 환상이 처음으로 깨졌던 순간.,,negative,attention,자신에 대한 환상이 깨진 것에 대한 언급을 통해 과거 연애에 대한 미련이나 감정을 간접적으로 드러냄.
성해은,,"오히려 그거를 알았다고 너무 내가 올가맨 것 같아서 혜은이를 오히려 그게 좀 미안하고 내 자신이 조금 원망스럽고, 그때 그때쯤에 너무 많이 싸우고 그러다 보니까 그냥 아, 야 안 되겠다 헤어지자 하고 헤어지고, 진짜 내가 잘하고 규민이한테 다른 모습을 보여줘야겠다 마음 먹고 규민이한테 찾아가서 진짜 엉엉 울었죠.",성해은,negative,emotion_polarity,"자신이 올가미 같아서 성해은에게 미안하고 자신을 원망스러워하며, 정규민에게 다른 모습을 보여주기 위해 찾아가 울었던 경험에 대한 발언"
성해은,,"진짜 마스크가 다 젖을 정도로 진짜 진짜 너무 보고 싶고, 잘하겠다고 다시 한 번만 기회 달라고, 그게 마지막으로 붙잡았던 것 같아요",정규민,negative,attention,"전 연인에 대한 그리움과 재회를 바라는 감정을 드러내고, 마지막으로 붙잡았던 상황을 언급하며, 부정적인 감정을 표현함."
성해은,,규민이는 어쨌든 사랑하는 마음이 있어서 저한테 붙잡혀줬었어요,정규민,negative,attention,규민이 자신을 사랑하는 마음이 있어서 붙잡아줬다고 말하며 과거 회상
성해은,,"그냥 저는 제가 할 수 있는 거는 규민이가 바쁘고 연락이 안 되고 나한테 소홀하더라도, 가만히 기다리고 응원해주는 모습을 보이는 것 뿐이었어요. 근데 그게 쌓이고 쌓이고 쌓여서 저도 너무 서러운 거예요. 비참하고, 그때 규민이한테 제 서러움을 토해냈던 적이 있어요.",정규민,negative,emotion_expression,"성해은은 정규민이 바쁘고 소홀하더라도 기다리고 응원해주는 모습만 보였지만, 서러움이 쌓여 비참함을 느껴 정규민에게 토로한 적이 있다고 말함."
성해은,,"그것도 또 자기 때문에 서운해서 우는 거니까, 그것조차 되게 철없어 보이고, 보기 싫었대요. 그때 저도 그래서 느꼈어요. 이게 진짜 이 관계 끝났구나. 왜냐면 내가 얘 앞에서 우는데도 그 모습조차 보기 싫을 정도로 진짜 마음이 떴구나 싶어서, 그때 딱 진짜 이별을 직감하고 헤어지게 됐어요.",정규민,negative,emotion_polarity,정규민 때문에 서운해서 우는 자신의 모습조차 보기 싫어할 정도로 마음이 뜬 정규민을 보며 이별을 직감하고 헤어지게 되었다는 발언에서 부정적인 감정이 드러난다.
성해은,,엑스 소개서를 제가 처음 봤거든요.,,중립,attention,"엑스(X)를 간접적으로 언급하며, 과거 회상 맥락을 나타냄."
성해은,,잘 읽다가 마지막 문단에 '규민이가 좋은 사람 만나서 행복했으면 좋겠어요' 라고 한 게 갑자기 또 확 아프더라고요.,정규민,negative,emotion_polarity,정규민에 대한 언급에서 부정적인 감정이 드러남. '아프다'라는 직접적인 감정 표현을 통해 슬픔이나 고통을 나타냄.
성해은,,"자기 말고 다른 사람이랑 잘 되기를 원하는 것 같아서, 규민이의 속마음은 역시나 그건가 싶어서,",정규민,negative,emotion_polarity,규민이 다른 사람과 잘 되기를 바라는 것 같아 속상하고 불안함.
정규민,0.9,"웃는 모습 되게 뭐랄까요, 되게 강아지처럼 웃는 모습 진짜로 그 사람이 행복해하고 웃는 게 느껴져서, 그게 되게 행복했어요.",성해은,positive,emotion_expression,상대방의 웃는 모습에서 행복을 느껴 좋았다고 표현함.
정규민,,"뭔가 내가 되게 재밌는 사람이 된 거 같아. 같이 있을 때 너무 웃으니까, 혜인이라는 사람 자체가 발랄하고, 같이 있으면 재밌고 신나고 또 놀리는 맛도 있고, 비교되는 부분은 많긴 했어요. 그래서 그냥 새로운 사람 만날떼",성해은,positive,relationship,"정규민은 성해은과 함께 있을 때 자신이 재밌는 사람이 된 것 같다고 느꼈으며, 성해은 자체가 발랄하고 함께 있으면 즐겁고 신난다고 생각했다. 새로운 사람을 만날 때 이러한 점들이 비교되었다."
정규민,,내가 되게 힘들게 연애했었구나 라는 생각이 들긴 했어요.,,negative,emotion_reflection,힘들었던 과거 연애에 대한 회상
성해은,,"다른 사람을 만나니까, 규민이만큼 사랑을 엄청 많이 해주는 거예요.",정규민,positive,emotion_polarity,새로운 사람이 정규민만큼 사랑을 많이 줘서 긍정적인 감정을 느낌.
성해은,,나를 사랑해주는 사람은 또 있구나. 그래서 사람들이 다 다른 사람 계속 계속 만나는구나.,,positive,self_esteem,자신을 사랑해주는 사람이 있다는 깨달음을 통해 타인과의 만남에 대한 긍정적인 인식을 드러냄.
정규민,,잘 진짜 잘 모르겠어서 반반일 것 같아요.,,neutral,uncertainty,정규민은 자신의 감정에 대해 확신하지 못하고 반반의 가능성을 언급하며 불확실성을 표현하고 있다.
정규민,,"지금 지금은 다시 안 만나고 싶다 라는 생각이 많은데, 분명히 다시 만나면 흔들릴 것 같거든요.",성해은,negative,attention,"정규민은 현재는 성해은을 다시 만나고 싶지 않지만, 다시 만나면 흔들릴 것 같다는 불안감을 드러내고 있다."
정규민,,"잘 모르겠어요. 헤어지고 응하게, 제가 좀 차가웠다고 해야 되나?",,negative,attention,정규민은 헤어진 후 자신이 차가웠다고 언급하며 과거 연애에 대한 미련을 드러내고 있다.
정규민,,되게 미워할 수도 있을 것 같고.,,negative,emotion_polarity,정규민은 상대방을 미워할 수도 있을 것 같다고 말하며 부정적인 감정을 드러냄.
정규민,,"차가웠던 규민이 밖에 생각이 안 나니까, 그 기억이 너무 커서. 새로운 사람을 선택할 것 같아요. 지금은 서운은 하죠. 근데 내가 잘못한 걸 어떡해요. 다 제가 잘못한 게 맞으니까, 그걸 지금 생각해도 이해가 안 가는지 그래도 좀 이해해 줄 수 있는지,",성해은,negative,emotion,"정규민은 과거 차가웠던 자신의 모습에 대한 기억 때문에 새로운 사람을 선택할 것 같다고 말하며, 현재는 성해은에게 서운한 감정이 있지만, 자신의 잘못으로 인해 벌어진 일이기에 자책하고, 성해은이 자신을 이해해 줄 수 있을지 궁금해한다."
정규민,,"이해가 되긴 해요. 시간이 지날수록 사실 이해가 되고, 오히려 내가 옭아맨 것 같아서, 혜은이를 오히려 그게 좀 미안하고, 내 자신이 조금 원망스러웠고 그때. 운동하는 사람, 몸 좋고 편안한 옷차림, 추리닝이라 아니면 꾸몄을 때 단정한 셔츠, 본인이랑 좀 비슷한 사람 만나면 잘 맞을 것 같아요.",성해은,negative,regret,시간이 지날수록 성해은을 옭아맨 것 같아서 미안하고 자신을 원망스러워함. 성해은이 자신과 비슷한 사람을 만나면 잘 맞을 것 같다고 생각함.
정규민,,"아, 싫은 것 같은데, 아 큰일 났네,",,negative,negative_emotion,정규민이 무언가 마음에 들지 않아 불안해하는 감정을 표현하고 있다.
성해은,,"나 때문에 너무 힘들었으니까, 하지마, 하지마, 하지마, 감사합니다.",,negative,emotion_expression,"자신 때문에 힘들었을 상대방에 대한 미안함과 고마움을 표현하며, 힘들어하지 않기를 바라는 감정을 드러냄."
성해은,,"휘민이가 저를 만나면 어떨 것 같냐라는 질문에 흔들릴 것 같다. 라고 했던 게 너무 의외였고 놀랐었어요. 저는 새로운 사람 만나고 싶다고 했었거든요. 규민이는 오히려 저를 만나니까, 마음이 정리가 된 건지, 둘의 말이 지금 상황과는 너무나도 상반되는 게 너무 모순적이더라고요. ---------------------------- 씬6 규민해은 마지막 대화",정규민,혼란,관계,"성해은은 휘민의 반응에 놀랐으며, 규민의 반응과 현재 상황이 모순적이라고 느낌."
정규민,,ㅎㅎㅎ ㅋㅋㅋㅋㅋㅋ 왜 또.. 울어 집에서 맨날 울면서,,negative,emotion,정규민은 상대방이 집에서 자주 운다는 사실을 언급하며 부정적인 반응을 보임.
정규민,,저 혹시 휴..휴직,,neutral,none,정규민이 휴직에 대해 언급함.
성해은,,오래 기다렸어?,,neutral,none,상대방을 기다린 시간에 대해 묻는 질문
정규민,,"오래 안 기다렸어, 한. 십분 음료 주문할래?",성해은,neutral,conversation,정규민이 성해은에게 음료 주문을 제안하며 대화를 시작하고 있다.
정규민,,아이스 아메리카노 하나랑 라떼 따뜻한 거? 라떼 따뜻한 걸로 주세요.,,neutral,ordering,"음료를 주문하는 발화로, 특별한 감정 표현은 없습니다."
성해은,,보고 왔어 너도?,,neutral,general,상대방에게 '너도' 봤는지 질문하는 발언.
정규민,,어떤거?,,neutral,uncategorized,질문에 대한 되물음
성해은,,X룸 보고 온 거 아니야?,정규민,neutral,attention,성해은이 X룸 시청 여부에 대해 질문함.
정규민,,너는 문자 보고 그냥 바로 여기로 온 거야,,neutral,none,정규민은 문자를 받고 바로 왔는지에 대한 질문에 답하고 있다.
정규민,0.9,아 진짜?,,neutral,reaction,상대방의 말에 대한 단순한 반응.
정규민,,응응,,neutral,response,상대방의 말에 동의하는 긍정적인 반응
성해은,,안 봤다고 하더라고요. 저는 보고 와서 걔가 기다리고 있는 줄 알았어요. 아니 어떻게 진짜 안 보지? 그래도 봤으면 좀 더.. 규민이가 흔들렸을 수 있는데 저 이 추억 보면은.. 너무 아쉬웠어요.,정규민,negative,emotion_polarity,정규민이 자신의 추억 영상을 보지 않은 것에 대한 아쉬움과 그로 인해 정규민이 흔들릴 기회를 놓쳤다는 속상함을 드러냄.
정규민,,추억 같은 거는 한번 보고 싶긴 했는데 조금은 조금은 흔들릴 수도 있을 거라 생각했는데 마음을 이미 알고 있었고 근데 이제 저는 그 마음과 같지 않았기 때문에 일단은 여지를 좀 덜 주고 싶었고요,성해은,negative,갈등,"정규민은 과거 추억에 흔들릴 수 있다고 생각했지만, 성해은의 마음을 알고 있었고 자신은 그와 같지 않아 여지를 주지 않으려 했다."
정규민,,그거 보고 왔구나?,,neutral,unclassified,상대방이 특정 내용을 보고 왔는지 확인하는 질문
성해은,,ㅎㅎㅎㅎㅎ,,neutral,social_expression,"웃음소리로, 특별한 감정이나 의도 없이 사용된 표현입니다."
정규민,,수도꼭지 좀 잠궈봐. 물도 안 잠그고 나왔어.,,neutral,instruction,정규민이 상대방에게 수도꼭지를 잠그라고 지시하는 발언이다.
성해은,,ㅎㅎㅎㅎㅎ 하! ㅎㅎㅎㅎㅎ,,neutral,no emotion,웃음소리만으로 감정이나 의도를 파악하기 어려움
성해은,,어제 이거.. 편지 같이 읽었잖아 엑스 속마음 확인할 수 있다고,정규민,neutral,attention,"과거에 엑스와 함께 편지를 읽었던 경험을 언급하며, 엑스에 대한 관심을 드러냄."
성해은,,나는.. 이러고 있었는데 나 안 볼래. 바로 이랬잖아.,정규민,negative,attention,"""나""에 대한 상대방의 무관심에 대한 서운함이 드러나는 발언"
정규민,,그렇게 바로 그랬나?,,neutral,none,상대방의 행동에 대한 질문
성해은,,끝나자마자 그렇게까지 바로 할 일이야?,,negative,negative,상대방의 행동에 대한 불만이나 서운함을 표현하는 발언
정규민,,아 그냥,,neutral,none,정규민의 감정이나 의도를 파악할 수 없는 발언
성해은,,나 상처 받았었어.,,negative,emotion_polarity,과거에 상처받았던 경험을 언급하며 부정적인 감정을 표현함.
정규민,,그랬어?,,neutral,response,상대방의 말에 대한 단순한 반응.
성해은,,응.,,neutral,response,단순 응답
정규민,,굳이 안 봐도 될 것 같아서 나는,,neutral,none,정규민은 굳이 안 봐도 될 것 같다고 말하며 특정 상황에 대한 필요성을 느끼지 못함을 표현했습니다.
정규민,0.9,왜?,,neutral,question,상대방에게 이유를 묻는 질문
정규민,,아니까 안 보고 싶었지,,negative,attention,정규민은 과거 연애에 대한 미련이나 부정적인 감정을 드러내고 있다.
정규민,,알아도 볼 수 있잖아,,neutral,none,상대방에게 볼 수 있음을 언급하는 발언.
정규민,,볼수있지.,,neutral,response,상대방의 요청이나 질문에 대한 단순한 수용 의사 표현.
성해은,,진짜 안 봤구나. 난 말만 그렇게 하고 문자 보냈을 줄 알았거든.,정규민,negative,attention,"정규민이 문자를 보냈을 거라고 생각했지만, 실제로는 보내지 않았다는 사실에 대한 실망감을 드러냄."
성해은,,진짜 안 봤구나.,,neutral,none,상대방이 무언가를 보지 않았다는 사실을 확인하는 발언
정규민,,뭘 보고 왔으려나?,,neutral,speculation,정규민이 데이트 상대로 선택한 사람이 무엇을 보고 왔을지 궁금해하는 발언
성해은,,"우리 추억이 담겨있는 사진이나 물건들이나 그런 것들 다 담겨있는 방이 있었고, 그리고 두 번째에서는 너가 인터뷰 때 나에 대해서 한 말들",정규민,negative,attention,"과거 회상과 인터뷰 내용에 대한 언급을 통해 정규민과의 관계에서 느꼈던 감정을 상기하며, 복잡한 심경을 드러냄."
정규민,,영상을 본 거야?,,neutral,general,정규민이 상대방에게 영상을 봤는지 질문함
성해은,,"지금 내 눈앞에 있는 모습이랑 너무 다르게 행복했었더라고, 근데 너가 했던 아픈 말들도 남겨있더라.",정규민,negative,emotion_polarity,"과거의 행복했던 모습과 현재의 괴리감, 그리고 상대방으로부터 받은 상처에 대한 언급을 통해 부정적인 감정을 드러냄."
정규민,,음..,,neutral,none,"정규민의 단독 발화로 감정, 대상, 의도 파악이 어려움"
정규민,,거기서 틀고 왔구나 ㅋㅋㅋㅋㅋㅋㅋㅋㅋㅋ 거기서 틀어놓고,,neutral,no emotion,상대방의 행동에 대한 언급.
성해은,0.95,나 잠긴 적이 없었어 알아?,,neutral,fact,자신의 경험에 대한 사실을 전달하는 발언
정규민,,뭐 모르지,,neutral,uncertainty,정규민은 불확실성을 표현하는 발언을 했다.
성해은,,모르고 관심이 없는 것 같더라고,,negative,negative_emotion,상대방이 자신에게 관심이 없는 것 같다고 말하며 부정적인 감정을 드러냄.
성해은,,너 왜 이렇게 나를 모른 척하냐?,,negative,emotion_polarity,"성해은이 상대방에게 서운함을 표현하며, 자신을 모른 척하는 것에 대한 불만을 드러냄."
정규민,,"아니, 모른 척 안 하고 싶었는데,",,negative,갈등,"정규민은 상대방을 모른 척하고 싶지 않았지만, 상황이 여의치 않았음을 간접적으로 드러내며 갈등 상황에 대한 언급을 하고 있다."
성해은,,"너 나 다 같이 있을 때 시선도 안 주고, 그냥 모르는 사람보다도 못하게 나 대하잖아,",정규민,negative,emotion_polarity,상대방이 자신을 모르는 사람보다 못하게 대하는 것에 대한 서운함과 불만을 표현하고 있습니다.
성해은,,그냥 약간 안 친한 느낌으로,,neutral,relationship,"현재 관계가 친밀하지 않다고 언급하며, 거리를 두고 있음을 시사."
성해은,,티나 그렇게까지 나한테 거리를 둘 이유가 없었잖아.,,negative,emotion_polarity,상대방이 자신에게 거리를 두는 것에 대한 서운함과 답답함을 표현함.
정규민,,거리는 뒀지 뭐.. 그렇게 막 살갑게 할 수는 없었지,,negative,갈등,정규민은 상대방과 거리를 두며 살갑게 대하지 못했다고 말함.
성해은,,신경은 쓰였어?,정규민,negative,emotion_expression,정규민에 대한 신경 쓰이는 감정을 표현함
정규민,,신경 당연히 쓰이지 신경 쓰이니까 차갑게 못 하지.,,negative,emotion_polarity,정규민은 신경이 쓰여 차갑게 대하지 못한다고 말하며 부정적인 감정을 드러냄.
성해은,,나 안 들어왔을 때 어땠어?,,neutral,attention,성해은이 자신(성해은)이 자리에 없을 때의 상황에 대해 질문하며 상황에 대한 관심을 드러냄.
성해은,,다음 날도 안 들어오고 그 다음 날도 안 들어왔잖아.,정규민,negative,attention,"정규민이 며칠 동안 집에 들어오지 않은 것에 대한 언급으로, 정규민에 대한 부정적인 감정을 드러냄."
정규민,,"그래서 되게 궁금하긴 했어 언제 들어오는 거지 하면서,",,neutral,attention,정규민은 상대방이 언제 들어오는지 궁금해하며 관심을 표현하고 있다.
성해은,,그게 원래 예정된 게 14일에 들어가는 거 였거든,,neutral,none,일정에 대한 언급
정규민,,나도 너가 14일에 들어올 거라고 생각했었어.,,neutral,none,정규민은 상대방이 14일에 입주할 것이라고 예상했음을 밝히는 발언을 했다.
성해은,,진짜?,,neutral,uncategorized,"성해은의 '진짜?' 발언은 감정이나 특정 대상에 대한 관심이 드러나지 않는 일반적인 반응으로, 특별한 의도나 감정적 함의를 포함하지 않습니다."
정규민,,야옹 내 생일이었잖아 그래가지고 그냥 내 생일 아는 사람이 한 명 들어오겠구나라고 생각했었어.,,negative,attention,"정규민은 자신의 생일에 대해 언급하며, 누군가 한 명이라도 자신의 생일을 알아주길 바랐던 서운한 감정을 드러냈다."
정규민,,안 들어와서 놀라게 됐었지.,,neutral,none,정규민은 상대방이 들어오지 않아 놀랐던 경험을 언급하고 있다.
정규민,,같이 들어왔으면 달랐을 것 같은데 타이밍이 좀 늦었던 것 같아요.,,negative,attention,"정규민은 같이 들어왔으면 결과가 달랐을 것이라며, 시기가 늦은 것에 대한 아쉬움을 표현한다."
정규민,,"혜은이가 제가 다른 사람이랑 잘 지내는 걸 보면서 더 그러는 것 같고, 저도 다른 사람이랑 잘 지내고 있는데, 혜은이가 그렇게 하니까 부담스럽고, 너는 선물도 사놓고 편지도 해놓고 있었으면 되게 서운했겠다.못들어가서.",성해은,negative,관계,"정규민은 성해은이 다른 사람과 잘 지내는 모습을 보며 질투심을 느끼는 것 같다고 생각하며, 성해은의 행동이 부담스럽다고 느낀다. 또한, 김지연이 선물을 준비하고 편지를 썼음에도 불구하고 데이트에 참여하지 못해 서운했을 것이라고 추측한다."
성해은,,너무 아쉬웠지. 그냥 너한테.,정규민,negative,emotion_polarity,화자는 상대방에게 아쉬움을 표현하며 부정적인 감정을 드러냄.
성해은,,선물이고 싶었어.,,negative,emotion_polarity,자신이 선물이 되지 못했다는 아쉬움을 표현하며 부정적인 감정을 드러냄
성해은,,"너가 반길진 모르지만, 그냥 너한테 선물처럼... 짜잔하고 기쁘게 나타나고 싶었어.",정규민,positive,initiative,상대방에게 기쁨을 주고 싶어 하는 마음을 표현하며 적극적으로 다가가려는 의지를 드러냄.
성해은,,음.,,neutral,none,단순 응답
성해은,,난 이 시간을 되게 기다렸거든.,,positive,emotion_polarity,화자는 이 시간을 기다렸다고 말하며 긍정적인 감정을 드러냄.
성해은,,그게 딱 일주일 만에 오네.,,neutral,none,특별한 감정 표현이나 관계에 대한 언급 없이 단순히 시간이 경과했음을 나타내는 발언입니다.
Unknown,0.0,음..,,neutral,none,Unknown 화자가 짧게 응답함.
성해은,,너는 나랑 친해지려고 생각은 하고 있었어?,,neutral,question,상대방이 자신과 친해지려고 생각했는지 묻는 질문.
정규민,,조금씩,,neutral,unclassified,특별한 감정이나 의도를 드러내지 않는 발언입니다.
정규민,0.9,조금씩 음.,,neutral,none,정규민의 짧은 대답.
성해은,,진짜.. 안 우는 날이 없다.,,negative,emotion_polarity,매일 우는 날이 반복된다는 말에서 부정적인 감정이 드러난다.
성해은,,"너는 모르고 알 길도 없고, 알려 하지도 않고 혼자 울고 있는 게 너무 외롭더라고.",,negative,emotion_polarity,혼자 울고 있는 상황에 대한 외로움을 표현하고 있습니다.
성해은,,"제가 계속 말했어요. 규민이는 얘기는 해주지 않아서 아쉬웠는데, 계속 손을 긋는 대답과 표정과 말투여서 말은 안했어요. 행복만은 안 했어.",정규민,negative,emotion_polarity,"규민이가 자신에게 이야기를 해주지 않아 아쉬웠고, 규민이의 부정적인 태도 때문에 말을 걸지 못했으며, 행복하지만은 않았다고 말함."
성해은,,이제 내가 울어도 손을 뻗어주지 않네.,,negative,emotion_polarity,"화자는 슬픔과 상실감을 표현하며, 과거에는 위로를 받았지만 이제는 그렇지 못하다는 감정을 드러냄."
성해은,,"넌 지금도 그렇고, 지금까지도 그렇고, 나를 안 보내.",정규민,negative,emotion_polarity,화자는 상대방이 자신을 놓아주지 않는 것에 대해 부정적인 감정을 드러내고 있다.
정규민,,"그렇게 우는 어떡해 봐. 혜은이랑 계속 같이 있으면 아련한 눈빛 보내고, 막 계속 나 좀 봐줘 하는 게 너무 보여서 쉽지 않더라고요. 마음이 확실히 그냥 제가 누군가한테 호감이 지금 가니까 그런 해은이의 스탠스가 부담스러운 것 뿐이에요.",성해은,negative,불안,정규민은 성해은과 함께 있을 때 보이는 성해은의 아련한 눈빛과 자신을 봐달라는 태도가 부담스럽다고 느낀다. 현재 다른 사람에게 호감이 있기 때문에 성해은의 태도가 더욱 부담스럽게 느껴진다.
정규민,,"안 울면 못 개, 안 울면",,negative,emotion_expression,정규민이 울지 않으면 안 된다는 상황에 대한 부정적인 감정을 표현하고 있습니다.
정규민,,안 울면 본다니까 이제 안 우는 거야?,,neutral,none,정규민이 상대방에게 울지 않는 이유를 묻는 질문.
성해은,,응. 안 울잖아.,,negative,emotion_polarity,자신이 울지 않는다는 것을 언급하며 부정적인 감정을 드러냄.
정규민,0.9,진작 얘기할 걸 그랬네.,,후회,후회,정규민이 과거에 어떤 이야기를 하지 않았던 것에 대해 후회하는 발언이다.
성해은,,여기서 마음에 드는 사람은 있어?,,neutral,attention,"성해은이 마음에 드는 사람이 있는지 질문하는 발화로, 특정 인물에 대한 관심 여부를 묻고 있다."
정규민,,그치,,neutral,agreement,상대방의 말에 동의하는 표현입니다.
성해은,,계속 문자 오잖아. 속마음 선택하는 거 음. 그래서 너가 계속 선택하지 않았다는 문자가 나한테 오잖아 ㅎㅎㅎㅎㅎ.,,neutral,general,속마음 선택 관련 문자를 언급하며 상대방의 선택 여부에 대해 이야기함.
성해은,,내표는 어디로 갔을까?,,neutral,none,표의 행방에 대한 의문
정규민,,어디로 갔을 것 같아?,,neutral,unknown,상대방의 행선지에 대한 질문
성해은,,살짝 말해도 돼?,,neutral,initiative,"상대방에게 말을 걸기 전에 허락을 구하는 발언으로, 소극적인 태도로 대화를 시작하려는 의지를 드러냄."
성해은,0.95,아니 말 하지마,,negative,negative,상대방에게 말을 하지 말라고 하는 부정적인 발언.
성해은,,그래도 너는 첫 번째 데이트를 했던 사람한테 호감을 느끼고 그 마음이 변하지 않고 계속해서 가고 있지 않을까 생각은 해.,정규민,positive,attention,첫 번째 데이트 상대(정규민)에 대한 호감이 지속될 것이라는 추측을 나타냄.
정규민,,그런 생각이 나를 올곧이 유지하는 사람 아니야.,,negative,negative_self_perception,자신이 올곧지 못하다고 생각하며 자존감이 낮아지는 발언
성해은,,그 표가... 항상 같은 곳일지 다른 곳일지 그것도 궁금하다.,,curiosity,attention,"성해은은 데이트 장소가 항상 같은 곳일지, 아니면 다른 곳일지에 대한 궁금증을 표현하며 장소에 대한 관심을 보이고 있다."
성해은,,"근데 확실한 건 나한테는 단 하루도 보낸 적이 없고 앞으로도 보내지 않을 것이고, 이거는 뚜렷한 것 같아.",정규민,negative,emotion_polarity,정규민이 자신과 시간을 보내지 않을 것이라는 생각에 대한 부정적 감정을 드러냄.
성해은,,그치?,,neutral,uncategorized,"대화의 동의나 확인을 구하는 발화로, 감정이나 특정 대상에 대한 언급이 없어 감정 분류 및 대상 지정을 생략함."
정규민,,사실 저는 굉장히 달갑지 않은 상황이었죠.,,negative,emotion_polarity,정규민은 당시 상황이 달갑지 않았다고 말하며 부정적인 감정을 드러냄.
정규민,,근데 어쨌든 지금 제가 더 신경이 쓰이고 더 마음이 가는 거는 해은이는 아니거든요.,성해은,negative,emotion_polarity,정규민은 현재 성해은에게 마음이 가지 않는다고 직접적으로 언급하며 부정적인 감정을 표현하고 있다.
정규민,,"그래서 저는 최대한 제가 신경을 안 쓰는 게, 제가 지금 마음을 주고 있는 사람한테도 맞다고 생각을 하거든요.",,positive,emotion_polarity,현재 마음을 주고 있는 사람에 대한 배려를 언급하며 긍정적인 감정을 표현함.
성해은,,여기서 인기도 되게 많으신 것 같던데,,neutral,none,성해은이 상대방의 인기에 대해 언급하는 발언
정규민,,인기없어,,negative,self-deprecation,자신이 인기가 없다고 자조적으로 말함.
성해은,,나 입주한 바로 다음날 월요일에 너가 데이트 나갔잖아.,정규민,negative,attention,"정규민의 과거 데이트에 대한 언급으로, 질투나 서운함이 느껴질 수 있음"
성해은,,"그냥 그게 되게 너무 처음 보는 장면이고 모습이라서, 음..",,neutral,general,처음 보는 모습에 대한 감상.
성해은,,난 그 테마가 뭔지 알고 있었어. 너의 테마가,,neutral,unknown,상대방의 테마에 대해 알고 있었다는 발언.
성해은,,"아, 그래?",,neutral,response,상대방의 말에 대한 단순한 반응.
성해은,,"가는 모습을 지켜볼 수 밖에 없는 아무 말 할 수 없는 나도 슬펐고, 너무 내가 무력해지더라고.",,negative,emotion_polarity,성해은은 가는 모습을 지켜볼 수밖에 없는 자신에 대한 무력감과 슬픔을 표현했다.
성해은,,"재밌었어, 그래서?",,positive,general,재미있었다는 긍정적 감정을 표현함
정규민,,그때?,,neutral,attention,"정규민이 과거를 간접적으로 언급하며, '그때'라는 표현을 사용했다."
성해은,,나랑 갔던..,정규민,neutral,attention,"과거에 함께 했던 경험을 간접적으로 언급하며, 특정 대상과의 관계를 상기시키는 발언"
성해은,,갔었던 데잖아,정규민,neutral,attention,"과거에 함께 방문했던 장소에 대한 언급으로, '정규민'과의 관계를 상기시키는 발언이다."
성해은,,토킹룸에서부터 되게 절망적이었어.,,negative,emotion_polarity,토킹룸에서의 경험이 절망적이었다고 말하며 부정적인 감정을 드러냄.
성해은,,"한 사람이 끝나니까, 난 집에 갈 줄 알았는데, 두 번째 시작됩니다. 이렇게 해서 또 마음이 무너졌었던 것 같아요.",,negative,emotion_polarity,마음이 무너졌다는 언급을 통해 부정적인 감정을 표현함.
성해은,,"그냥 다들 나랑 얘기를 안 해봐서, 얘 얘기가 하고 싶었나봐,",정규민,negative,attention,다른 사람들이 자신과 정규민에 대한 이야기를 나누고 싶어하는 것 같다는 발언에서 서운함을 드러냄.
성해은,,데이트할 때 여자들이 토킹룸 얘기 안했어?,,neutral,question,데이트 중 다른 여성 출연자들이 토킹룸에 대해 언급했는지 묻는 질문
정규민,,응 뭐 그런건 못 들었어,,neutral,none,들은 바가 없다는 진술
성해은,,내가 다 거짓만,,negative,emotion_polarity,자신이 거짓말만 한다고 자책하며 부정적인 감정을 드러냄.
정규민,,"아, 그런 거 들었지.",,neutral,none,들은 내용에 대한 인지 표현
성해은,,"아, 그래? 어떻게 들었...",,neutral,uncategorized,상대방의 말을 듣고 어떻게 들었는지에 대한 질문에 대한 반응
정규민,,여사친이 많고..,,neutral,relationship,정규민이 자신의 여자 사람 친구가 많다는 사실을 언급함.
성해은,,영향이 있었군!,,neutral,none,"성해은이 어떤 영향이 있었음을 언급했지만, 구체적인 감정이나 대상이 드러나지 않아 중립적인 발언으로 분류됨."
정규민,,"1년 동안 연애했고, 뭐 이런 거 들었지.",,neutral,attention,"정규민은 과거 연애 경험에 대해 언급하며, 1년 동안 연애했다는 정보를 전달했습니다."
성해은,,그래? 너 아니야 했어?,,neutral,none,상대방의 말에 대한 놀라움을 표현하는 질문
정규민,,그냥 너가 잘못된 정보를 많이 들었을 수도 있다 그랬지,,neutral,statement,정규민은 상대방이 잘못된 정보를 들었을 가능성을 언급하며 상황을 중립적으로 전달하고 있다.
성해은,,그래. 그런 거 왜 말해?,,negative,negative,상대방의 말에 대한 불쾌감을 드러내는 발언
정규민,,말해줄 수 있지,,neutral,none,"상대방에게 질문이나 요청을 하기 전에 허락을 구하는 발언으로, 특별한 감정이나 관계적 의도를 드러내지 않습니다."
성해은,,왜 말하냐?,,negative,negative,상대방의 말에 대한 불쾌감을 드러내는 발언
정규민,,너한테 얘기했으니까,,neutral,none,상대방에게 말을 건네는 상황.
성해은,,그걸 또 해명하고 싶었나 보다?,,negative,attention,"상대방의 행동에 대한 부정적인 감정을 드러내며, 해명에 대한 언급을 통해 불쾌감을 표현함."
정규민,,왜 1년이라 했어?,,중립,질문,상대방에게 특정 기간을 언급한 이유를 묻는 질문
성해은,,"절대 지켜, 6년.",,neutral,neutral,"6년이라는 기간을 강조하며, 무언가를 지키겠다는 의지를 드러냄."
성해은,,"그 사실을 절대 알리고 싶지 않았어,",,negative,emotion_polarity,알리고 싶지 않았다는 말에서 부정적인 감정이 드러남
정규민,,오히려 6년 연애했다고 하면 그 사람들이 내가 낄 자리 없겠다고 생각할 수도 있지 않아?,,neutral,relationship,"정규민은 6년 연애 경험이 다른 사람들에게 부담감을 줄 수 있다는 점을 언급하며, 새로운 관계 형성에 대한 우려를 간접적으로 드러내고 있다."
성해은,,그냥 장기 연애를 했던 사람으로서 보면 너를 더 좋게 볼 것 같았어. 나중에 X가 밝혀지면 우리의 시간들을 얘기해도 나쁘지 않으니까 근데 나는 진짜 행복했던 게 뭔지 알아? 어제 너가 스크램블에게 해준 거 먹을 수 있었을 때 진짜 행복했어.,정규민,positive,relation,"장기 연애 경험자로서 규민을 좋게 볼 것 같다는 말과 X가 밝혀진 후 함께한 시간에 대한 긍정적인 대화를 기대하며, 어제 규민이 해준 스크램블을 먹을 때 행복했다고 표현함."
정규민,,아 진짜?,,neutral,response,상대방의 말에 대한 단순한 반응.
성해은,,맛있다고 너한테 말할 수 있는 게 행복했어.,,positive,emotion_polarity,음식을 맛있다고 말할 수 있어서 행복했다는 긍정적 감정 표현
정규민,,계란 먹을래?,,neutral,conversation,정규민이 상대방에게 계란을 먹을지 묻는 발언.
성해은,,나 계란 진짜 좋아하는데,,positive,preference,계란에 대한 선호도를 표현함
정규민,,나중에 아침 해드릴게요,,positive,initiative,"정규민이 상대방에게 호감을 표현하며, 관계 형성을 위한 제안을 하고 있다."
성해은,,계란후라이요!,,neutral,food,계란후라이를 요청하는 발언.
성해은,,"저 스크램블 에그, 프라이, 찜 다 해주세요",,neutral,request,음식 준비를 요청하는 발언
성해은,,우와!,,positive,emotion_expression,감탄사 '우와'를 통해 긍정적인 감정을 표현함.
성해은,,진짜 진짜 진짜 멋있겠다 대박이다. 내가 처음 봐 진짜 진짜 진짜 맛있겠다.,,positive,reaction,음식이나 상황에 대한 강한 긍정적 반응을 표현하고 있다.
정규민,,계란 엄청 좋아했지?,성해은,neutral,attention,정규민이 과거 성해은이 계란을 좋아했던 것을 언급하며 관심을 표현함.
성해은,,계란을 먹어서라기보다 맛있다고 너한테 말을 할 수 있어서 행복했다고 응. 그걸 네가 들어줘서 좋았다고.,정규민,positive,emotion_expression,정규민에게 말을 할 수 있어서 행복했다고 말하며 긍정적인 감정을 표현함.
성해은,,왜냐면 너가 지금까지 계속 나를 피했던 게,,negative,attention,"성해은이 상대방에게 지금까지 자신을 피했던 이유를 묻는 발언으로, 불안감을 드러내고 있다."
정규민,,아침에 일찍 일어나면 계란 같이 해줄게.,,positive,initiative,"아침에 일찍 일어나면 계란을 같이 해주겠다는 말에서 호감을 표현하고, 관계 형성을 주도하려는 적극적인 의지를 드러냄."
성해은,,꼭 해줘.,,neutral,request,상대방에게 요청을 강조하는 발언
정규민,,근데 못 일어날 거잖아.,,neutral,statement,상대방의 행동에 대한 예측을 나타내는 발언.
성해은,,어.,,neutral,uncategorized,단순 응답
정규민,,그럼 못 먹는 거지.,,neutral,none,음식을 먹을 수 없는 상황에 대한 단순 언급
성해은,,남겨줘.,,neutral,none,"상대방에게 특정한 행동을 요청하는 발언으로, 감정적인 내용이나 특정 인물에 대한 언급은 없습니다."
정규민,,응?,,neutral,none,정규민의 단독 발화로 감정이나 의도를 파악하기 어려움
성해은,,남겨줘.,,neutral,none,"상대방에게 특정한 행동을 요청하는 발언으로, 감정적인 내용이나 특정 인물에 대한 언급은 없습니다."
정규민,,그럼 맛 없어서 안 돼.,,negative,opinion,맛이 없으면 안 된다는 의견을 표현함.
성해은,,식은 계란도 맛있어,,neutral,none,"음식에 대한 개인적인 선호를 표현하는 발언으로, 감정이나 관계에 대한 직접적인 언급은 없습니다."
성해은,,너가 해먹어,,neutral,unclassified,성해은의 발언은 특정 감정이나 의도를 드러내지 않는 단순한 표현입니다.
성해은,,너가 진짜 잘하잖아.,,positive,None,칭찬 발언
정규민,,그런 거는 계속 기억에 남긴 하더라. 만나면서 너무.. 좋은 거를 많이 못 해주고 좋은 곳에 많이 못 데려가고 이런 거는 기억에 많이 남긴 하더라고.,,negative,attention,"정규민은 과거 연애에서 좋은 경험을 많이 제공하지 못한 것에 대한 아쉬움을 표현하며, 이러한 기억이 계속 남는다고 언급했다."
정규민,,그래서 좋은 곳 가거나 하면 생각나긴 했어.,,neutral,attention,"좋은 곳에 가면 전 연인이 생각났다는 발언으로, 과거 연애에 대한 회상을 나타낸다."
성해은,,"약간 학창 시절의 기억들이 살아가는데, 되게 많은 영향을 끼치는 것처럼, 나의 20대도 다 너였잖아.",정규민,negative,attention,"화자는 과거 연인이었던 정규민과의 20대가 많은 영향을 끼쳤다고 언급하며, 과거 회상에 잠김."
성해은,,너랑 헤어진 지 그래도 꽤나 지났는데도 계속 그냥 너가,정규민,negative,attention,정규민과의 이별 후에도 그를 계속 생각하고 있음을 간접적으로 언급하며 미련이 남아있음을 드러냄.
성해은,,"잊혀지지 않으니까, 그래서 너랑 나랑 진짜 시기만 타이밍만 너무하다 아쉽게 들렸던 것 같아서 이걸 기회로... 너는 그냥 그대로 있으면 돼, 그냥 지금처럼 막 나를 아예 눈빛, 눈길도 안 주고 피하기만 하고 아. 근데 혜은이 제외 아, 그냥 해은이 안 돼 이렇게만 안 했으면 좋겠어.",정규민,negative,emotion_polarity,"잊혀지지 않는 감정과 아쉬움을 표현하며, 상대방에게 특정 행동을 하지 않기를 바라는 발언에서 부정적인 감정이 드러남."
성해은,,"기회조차 주지 않으려고 하는데, 속상해 이렇게 생각해? 알겠어.",,negative,emotion_polarity,기회를 받지 못하는 상황에 대한 속상함을 표현함.
정규민,,집 가서 얘기 많이 할게 그게 요지가 아니잖아.,,neutral,none,"정규민은 상대방에게 집에 가서 많은 이야기를 나눌 것이라고 말하며, 현재 논의 중인 내용이 핵심이 아니라고 언급한다."
성해은,,나는 여기서 너가 그래도 아직 시간이 꽤 남았잖아.,,neutral,none,시간이 아직 남았다는 언급
정규민,,이제 좀 더 편해졌으면 좋겠어.,,positive,emotion_polarity,정규민은 상대방에게 편안한 관계를 바라고 있다.
정규민,,"너무 그렇게 계속 힘들지 말고, 앞으로 꽤 같이 더 있을 텐데,",,중립,일반 대화,상대방에게 앞으로 함께할 시간이 많으니 힘들어하지 말라고 위로하는 발언.
성해은,,그냥 나는.. 마음은 어쩔 수가 없는 것 같아.,,negative,emotion_polarity,"마음대로 감정을 조절할 수 없다는 감정을 토로하는 발언으로, 부정적인 감정을 드러냄."
정규민,,"그것도 너가 이렇게 계속 흔들어가면, 네가 나중에 후회할 것 같아.",,negative,갈등,정규민은 상대방의 행동이 미래에 후회를 불러올 수 있다고 경고하며 갈등 상황을 드러내고 있다.
성해은,,"나는 후회 안 해, 너무 후회안해. 진짜 그냥 난 내 마음이 가는 대로 할 거야. 가는 대로 표현할 거고, 자기 말 한마디에, 그냥 내가 너무 기대하거나 너무 슬퍼하거나 할 걸 알아서 자기 마음도 숨겨야 된다고 생각을 하는 것 같고, 일부러 더 숨기면서 얘기한 것 같아요.",,negative,emotion_expression,"성해은은 후회하지 않으며, 앞으로 자신의 마음이 가는 대로 표현할 것이라고 다짐한다. 상대방의 말 한마디에 자신이 너무 기대하거나 슬퍼할 것을 알고 상대방이 마음을 숨기는 것 같다고 느낀다."
성해은,,이런 시간이 또 언제 있을지 모르겠어서 시간이 멈췄으면 좋겠어요.,,positive,emotion_polarity,현재 상황에 대한 긍정적 감정(시간이 멈췄으면 좋겠다는 발언)
성해은,,ㅎㅎㅎㅎㅎ 핢말이 쌓였는데.,,neutral,none,성해은이 쌓인 할 말이 있음을 언급하며 대화를 시작하려는 뉘앙스를 풍긴다.
정규민,,얘기해서 재밌었어 그래도,,positive,emotion_polarity,대화가 즐거웠다는 긍정적 감정을 표현함
성해은,,뭐가 나아진 게 있어?,,neutral,none,상대방에게 변화가 있는지 묻는 질문
정규민,,웅 얘기하다 보니까 훨씬 나아졌지 어쨌든 집 에서 얘기 많이 할게 말도 걸고 할게.,,positive,comfort,"정규민은 대화를 통해 기분이 나아졌다고 말하며, 앞으로 집에서 대화를 많이 하고 말을 걸겠다고 약속하며 상대방을 위로하고 관계 개선의 의지를 보였다."
정규민,,나 갈게 나는.,,neutral,일상,정규민이 자리를 떠남.
성해은,,가야돼? 가야지,,neutral,response,상황에 대한 판단을 내리는 발언
성해은,,아 배고파 이따가 봐 나도 갈래.,,neutral,일상,"배고픔을 표현하고, 함께 가겠다는 의사를 밝힘."
성해은,,진짜 시간 멈췄으면 좋겠다 라고 계속 말할 정도로 너무 소중한 시간이었고 이제서야 그나마 좀 신경 써주는 것 같아서 좋고 말 걸어줘서 좋았어요. 그 전에는 진짜 남보다도 못하게 대했었어서 말을 걸어주고 장난도 쳐주려고 해서 고마웠어요.,정규민,positive,emotion_expression,"성해은은 시간이 멈췄으면 좋겠다고 할 정도로 소중한 시간이었고, 정규민이 신경 써주고 말을 걸어줘서 좋았다고 말하며 고마움을 표현했다. 이전에는 남보다 못하게 대했던 정규민의 변화에 긍정적인 감정을 느꼈다."
성해은,,근데 분명히 규민이랑 있으면서 계속 상처받고 계속 선 긋는 기분이 보는 것도 아팠는데 상처를 받았더라도 그 시간 때문에 그날 하루가 너무 기분이 좋았어요 하루 종일 운다고 해서 생각보다 좀 더 힘들어 하는구나 라는 생각도 들기도 했고 마음이 아프기는 해요 해은이가 계속 그렇게 울고 그러는 게 근데 그것 때문에 마음이 막 엄청 힘들고 하지는 않아요.,정규민,복합적,감정 표현 및 관계 분석,"규민과의 관계에서 상처받았지만 좋았던 기억도 있으며, 해은이 힘들어하는 모습에 마음 아파하지만 큰 어려움은 느끼지 않음."
정규민,,조금 더 내가 이 친구한테 살갑게 굴어도 되겠다 조금 더 좀 내가 너무 이렇게까지 거리를 두면 더 힘들어하겠구나 그런 생각을 그런 게 조금 미안하기도 하고,,negative,negative_emotion,"정규민은 상대방에게 거리를 두는 것에 대해 미안함을 느끼며, 상대방이 힘들어할까 봐 걱정하고 있다."
